date,CMA,RMW,HML,SMB,Mkt-RF,RF
20210105,0.57,0.37,0.5,1.29,0.86,0
20210106,0.59,0.07,3.94,3.12,0.79,0
20210107,-0.21,-1.48,-0.84,0.01,1.76,0
20210108,-0.38,-0.42,-1.36,-1.01,0.51,0
20210111,0.45,-0.17,1.26,0.54,-0.51,0
20210112,0.43,-0.43,1.22,1.45,0.38,0
20210113,-0.04,-0.2,-0.41,-1.04,0.07,0
20210114,0.45,-0.97,1.13,2.34,-0.11,0
20210115,-0.48,0.27,-0.73,-0.73,-0.86,0
20210119,0.07,-0.69,-0.8,0.76,0.92,0
20210120,-0.39,0.63,-1.11,-0.75,1.26,0
20210121,0.37,0.83,-0.96,-0.77,-0.04,0
20210122,0.64,-0.66,-0.15,1.6,-0.07,0
20210125,0.98,0.24,-0.43,-0.3,0.29,0
20210126,1.05,1.02,0.01,-0.03,-0.32,0
20210127,2.46,0.59,1.49,1.17,-2.53,0
20210128,-2.3,-1.05,-0.83,-1.64,0.92,0
20210129,0.39,-0.75,0.57,0.39,-1.84,0
20210201,-1.21,-0.23,-1.47,0.76,1.73,0
20210202,-2.13,-1,-0.99,-0.76,1.48,0
20210203,0.2,-0.06,0.75,0.65,0.15,0
20210204,-0.24,-0.1,0.36,0.62,1.23,0
20210205,0.39,-0.73,-0.48,0.94,0.58,0
20210208,0.78,-0.91,0.43,2.21,0.96,0
20210209,-0.41,-0.65,-0.08,0.64,0.05,0
20210210,0.1,0.31,0.81,-0.53,-0.08,0
20210211,-0.26,-0.46,-0.69,-0.21,0.19,0
20210212,-0.06,-0.38,0.45,-0.12,0.49,0
20210216,0.03,0.15,1.94,-0.26,-0.14,0
20210217,-0.13,0.26,0.6,-0.68,-0.21,0
20210218,-0.5,0.88,-0.24,-1.43,-0.63,0
20210219,0.58,-0.41,0.72,2.01,0.16,0
20210222,0.88,1.69,3.15,0.71,-1.13,0
20210223,-0.23,1.11,0.9,-1.05,-0.15,0
20210224,0.35,-0.27,1.36,1.5,1.15,0
20210225,0.41,0.96,0.85,-0.91,-2.74,0
20210226,-0.38,-0.03,-1.58,0.36,-0.28,0
20210301,0.23,-0.39,0.22,1.08,2.63,0
20210302,0.2,0.61,1.25,-0.78,-1.05,0
20210303,1.08,1.65,3.53,0.63,-1.57,0
20210304,0.41,1.25,1.68,-1.09,-1.7,0
20210305,0.51,0.96,0.61,0.35,1.85,0
20210308,0.91,1.63,3.71,1.45,-0.67,0
20210309,-0.49,-1.83,-3.17,0.41,1.79,0
20210310,0.16,-0.06,1.82,1.17,0.68,0
20210311,-0.8,-1.38,-1.98,1.08,1.44,0
20210312,0.61,0.64,1.28,0.5,0.1,0
20210315,0.1,0.23,-1.27,-0.34,0.7,0
20210316,-0.06,0.29,-0.86,-1.33,-0.43,0
20210317,0.15,-0.03,0.35,0.65,0.33,0
20210318,0.46,0.94,2.2,-1.21,-1.88,0
20210319,-0.55,-0.78,-1,0.93,0.25,0
20210322,-0.13,-0.26,-2.22,-1.67,0.55,0
20210323,-0.81,0.56,-1.04,-2.94,-1.17,0
20210324,0.11,1.36,1.47,-1.59,-1.01,0
20210325,1.13,0.48,1.4,1.99,0.67,0
20210326,0.55,0.76,0.65,0.21,1.55,0
20210329,-0.01,0.89,-0.23,-2.47,-0.49,0
20210330,-0.19,-0.24,1.02,1.82,-0.02,0
20210331,-0.25,-1.17,-2.32,0.58,0.63,0
20210401,-0.54,-0.71,-0.03,0.23,1.27,0
20210405,0.08,0.99,-0.7,-0.68,1.27,0
20210406,-0.28,-0.12,0.08,-0.32,0.01,0
20210407,-0.13,0.69,0.33,-1.52,-0.12,0
20210408,-0.39,-0.54,-1.18,0.26,0.62,0
20210409,0.12,0.77,0.13,-0.62,0.65,0
20210412,-0.37,0.71,0.54,-0.44,-0.05,0
20210413,-0.37,-1.08,-1.58,-0.77,0.41,0
20210414,0.69,0.01,1.42,1.15,-0.35,0
20210415,-0.54,0.07,-1.2,-0.78,1.04,0
20210416,0.15,0.82,0.65,-0.18,0.27,0
20210419,0.4,0.72,0.77,-0.65,-0.73,0
20210420,-0.47,0.37,-1.55,-1.37,-0.94,0
20210421,0.1,-0.44,0.12,1.53,1.11,0
20210422,-0.19,-0.19,-0.79,0.62,-0.77,0
20210423,0.03,-0.35,0.69,0.76,1.26,0
20210426,-0.05,-1.19,-0.5,0.77,0.43,0
20210427,0.07,0.52,0.86,0.07,-0.03,0
20210428,-0.32,-0.3,0.23,0.27,-0.06,0
20210429,-0.23,1.34,1.11,-0.76,0.39,0
20210430,-0.44,0.14,-0.32,-0.51,-0.83,0
20210503,1.08,1.07,1.69,0.7,0.17,0
20210504,0.59,1.08,2.02,-0.26,-0.89,0
20210505,0.65,0.66,1.38,-0.18,-0.06,0
20210506,0.58,1.21,1.19,-0.5,0.48,0
20210507,0.16,-0.21,-0.09,0.44,0.84,0
20210510,0.72,1.13,1.68,-1.28,-1.36,0
20210511,-0.06,-0.84,-0.9,0.69,-0.63,0
20210512,0.11,-0.31,0.69,-1.13,-2.34,0
20210513,0.36,1.37,1.11,0.47,1.02,0
20210514,-0.02,-0.23,-0.18,0.96,1.81,0
20210517,0.58,0.04,0.84,0.71,-0.24,0
20210518,-0.43,-1.01,-0.93,0.06,-0.69,0
20210519,-0.34,-0.18,-0.46,-0.49,-0.34,0
20210520,-0.5,-0.85,-1.44,-0.48,1.15,0
20210521,-0.06,-0.11,0.98,0.44,-0.04,0
20210524,-0.3,0.25,-0.69,-0.48,0.99,0
20210525,-0.17,0.21,-1.23,-0.84,-0.3,0
20210526,0.15,-0.53,0.57,1.76,0.47,0
20210527,0.28,-0.26,0.95,1.08,0.28,0
20210528,-0.42,-0.2,-0.29,-0.37,0.04,0
20210601,0.41,0.29,1.43,1.38,0.03,0
20210602,0.69,-0.07,0.31,-0.22,0.12,0
20210603,0.34,0.41,0.77,-0.26,-0.53,0
20210604,-0.23,-0.15,-0.92,-0.58,0.89,0
20210607,-0.15,-0.98,-0.93,1.27,0.15,0
20210608,-0.06,0.08,-0.32,1.09,0.19,0
20210609,0.17,0.16,-0.82,-0.46,-0.3,0
20210610,-1.09,-0.58,-2.05,-1.3,0.4,0
20210611,-0.03,0.03,0.18,0.72,0.37,0
20210614,-0.48,-0.58,-1.63,-0.74,0.15,0
20210615,0.11,0.66,1.3,0.22,-0.3,0
20210616,-0.26,-0.34,0.19,0.45,-0.45,0
20210617,-1.11,-0.7,-3.57,-1.32,0.01,0
20210618,-0.7,-0.44,-1.44,-0.79,-1.22,0
20210621,0.32,0.4,1.06,0.82,1.34,0
20210622,0.2,0.18,-0.48,-0.1,0.58,0
20210623,-0.23,-0.47,-0.28,0.5,0.01,0
20210624,0.26,-0.36,0.24,0.73,0.69,0
20210625,0.04,-0.16,0.45,-0.48,0.31,0
20210628,-0.13,-0.48,-1.6,-0.84,0.22,0
20210629,0.39,0.3,-0.3,-0.39,0,0
20210630,0.62,0.73,0.77,0.13,0.07,0
20210701,0.33,-0.02,0.42,0.44,0.43,0
20210702,-0.11,0.66,-0.73,-1.52,0.56,0
20210706,-0.71,0.57,-1.99,-1.04,-0.28,0
20210707,0.33,1.69,0.09,-0.85,0.09,0
20210708,-0.04,-0.21,-0.78,-0.01,-0.86,0
20210709,0.38,-0.2,1.56,0.86,1.25,0
20210712,-0.28,0.31,0.57,-0.02,0.23,0
20210713,0.15,0.71,-0.41,-1.23,-0.56,0
20210714,0.6,1.92,0.35,-1.16,-0.26,0
20210715,-0.07,0.36,0.79,-0.26,-0.38,0
20210716,-0.82,0.12,-1.25,-0.41,-0.77,0
20210719,-1.1,-0.39,-1.74,0.04,-1.41,0
20210720,0.35,-0.56,0.15,0.86,1.69,0
20210721,0.05,-0.98,0.81,0.72,0.95,0
20210722,-0.37,0.5,-1.01,-1.58,0.09,0
20210723,-0.35,0.47,-0.45,-0.32,0.98,0
20210726,0.86,0.24,1.33,0.1,0.18,0
20210727,0.1,0.46,0.6,-0.46,-0.66,0
20210728,-0.72,-1.57,-0.65,1.21,0.27,0
20210729,0.54,0.8,0.95,0.22,0.41,0
20210730,0.41,0.55,-0.17,-0.09,-0.65,0
20210802,-0.38,-0.04,-0.41,-0.15,-0.12,0
20210803,0.26,0.63,0.92,-0.38,0.73,0
20210804,-1.12,-0.38,-1.55,-0.99,-0.39,0
20210805,-0.41,-1.33,-0.11,1.08,0.74,0
20210806,0.3,0.58,1.88,0.48,0.09,0
20210809,-0.54,-0.6,-0.25,-0.47,0.01,0
20210810,0.94,0.74,1.81,0.38,0.06,0
20210811,0.51,0.85,1.42,0.28,0.19,0
20210812,0.16,-0.01,-0.41,-0.68,0.24,0
20210813,-0.03,0.75,-0.25,-0.95,0,0
20210816,0.18,1.63,0.06,-0.86,-0.05,0
20210817,0.1,-0.31,-0.13,-0.49,-0.8,0
20210818,-0.66,-0.3,-0.18,0.08,-0.95,0
20210819,-0.48,1.38,-0.8,-0.96,-0.15,0
20210820,-0.29,-0.38,-0.49,0.86,0.92,0
20210823,-0.06,-1.82,-0.84,0.73,1.08,0
20210824,0.06,-0.7,0.36,0.4,0.41,0
20210825,-0.02,-0.42,0.36,0.07,0.26,0
20210826,-0.14,-0.02,-0.31,-0.44,-0.65,0
20210827,0.17,-0.72,0.3,1.64,1.07,0
20210830,0.14,0.65,-1.37,-0.7,0.35,0
20210831,-0.21,-0.47,-0.04,0.44,-0.13,0
20210901,-0.36,-0.41,-0.94,0.39,0.11,0
20210902,0.6,-0.42,-0.03,0.18,0.36,0
20210903,-0.27,0,-0.27,-0.55,-0.01,0
20210907,0.15,-0.6,-0.07,-0.37,-0.36,0
20210908,0.16,0.78,0.06,-0.72,-0.34,0
20210909,-0.27,-0.78,0.1,0.24,-0.27,0
20210910,-0.42,0.21,0.03,-0.03,-0.76,0
20210913,0.9,0.18,1.32,0.27,0.14,0
20210914,-0.46,0.37,-0.97,-0.69,-0.66,0
20210915,0.44,-0.21,0.64,0.14,0.88,0
20210916,-0.5,-0.4,-0.56,-0.11,-0.03,0
20210917,-0.51,-0.63,-0.05,1,-0.72,0
20210920,0.23,0.81,0.23,-0.55,-1.87,0
20210921,-0.31,-0.46,-0.67,0.27,0.05,0
20210922,0.45,-0.57,0.52,0.18,1,0
20210923,0.22,-0.99,0.91,0.46,1.28,0
20210924,0.23,0.62,0.7,-0.39,0.08,0
20210927,0.75,-0.27,2.43,1.72,-0.1,0
20210928,1.07,0.84,1.76,0.01,-2.18,0
20210929,0.34,1.15,0.81,-0.19,0.03,0
20210930,-0.34,-1.23,-0.77,0.07,-1.02,0
20211001,0.59,-0.12,0.49,0.48,1.1,0
20211004,1.07,0.7,2.34,0.42,-1.43,0
20211005,-0.36,-0.08,-0.07,-0.59,1.05,0
20211006,-0.68,0.33,-0.49,-1,0.33,0
20211007,0.06,-0.09,-0.16,0.46,1.01,0
20211008,0.62,0.1,1.12,-0.45,-0.28,0
20211011,0.29,-0.03,-0.28,0.24,-0.72,0
20211012,-0.25,-0.9,-0.44,0.56,-0.06,0
20211013,-0.73,-0.46,-1.05,-0.1,0.43,0
20211014,-0.12,0.03,-0.27,-0.38,1.65,0
20211015,-0.09,0.4,0.3,-1.12,0.63,0
20211018,-0.06,0.57,0,-0.41,0.41,0
20211019,0.11,-0.21,-0.23,-0.48,0.71,0
20211020,0.53,0.28,1.18,0.22,0.34,0
20211021,-0.63,0.34,-0.96,0.03,0.37,0
20211022,0.51,0.44,1.02,0.01,-0.25,0
20211025,-0.35,-0.39,-0.15,0.37,0.58,0
20211026,-0.12,-0.38,-0.32,-0.8,0.04,0
20211027,-0.6,0.86,-1.19,-0.95,-0.76,0
20211028,-0.18,-0.3,-0.48,0.81,1.14,0
20211029,-0.84,0.57,-0.82,0.14,0.22,0
20211101,0.05,-1.13,0.44,2.05,0.51,0
20211102,0.16,0.41,-0.54,-0.35,0.24,0
20211103,-0.42,0.24,-0.13,1.45,0.8,0
20211104,-0.71,0.65,-1.38,-0.29,0.39,0
20211105,1.27,0.05,1.2,0.8,0.38,0
20211108,-0.11,-0.47,0.07,0.01,0.18,0
20211109,0.26,0.56,0.46,-0.14,-0.35,0
20211110,-0.06,1.35,0.94,-0.28,-1.07,0
20211111,0.07,0.23,0.34,0.61,0.24,0
20211112,-0.26,0.38,-0.91,-0.47,0.74,0
20211115,0.47,0.56,0.71,-0.45,-0.02,0
20211116,-0.63,0.21,-0.69,-0.16,0.5,0
20211117,0.16,0.8,-0.26,-0.64,-0.47,0
20211118,-0.12,1.24,-0.07,-0.73,0.06,0
20211119,-0.63,1.09,-1.29,-0.41,-0.2,0
20211122,1.56,1.26,2.76,0.09,-0.61,0
20211123,1.15,0.23,1.74,-0.18,-0.03,0
20211124,-0.2,-0.52,-0.88,-0.15,0.3,0
20211126,-0.59,0.26,-0.92,-1.3,-2.22,0
20211129,-0.33,0.41,-0.79,-1.31,1.11,0
20211130,0.41,-0.16,-1.12,0.16,-1.95,0
20211201,0.73,2.25,1.1,-0.43,-1.61,0
20211202,0.07,-0.66,1.26,1,1.51,0
20211203,1.01,1.79,1.06,-0.84,-1.21,0
20211206,0.62,0.11,0.62,0.83,1.19,0
20211207,-0.43,-1.47,-1.8,-0.17,2.22,0
20211208,0.21,-0.95,-0.84,0.34,0.47,0
20211209,0.97,1.42,1.57,-1.05,-1.07,0
20211210,0.76,1.37,0.49,-0.85,0.7,0
20211213,-0.32,0.29,-0.98,-0.29,-1.04,0
20211214,0.17,0.39,1.64,-0.34,-0.76,0
20211215,-0.36,0.03,-1.91,0.01,1.62,0
20211216,0.63,0.64,2.8,-0.84,-1.2,0
20211217,-0.37,-1.69,-2.33,1.45,-0.65,0
20211220,0.16,0.03,-0.41,-0.2,-1.27,0
20211221,-0.2,-1.08,0.18,0.66,2.06,0
20211222,0.07,0.31,-0.36,0.18,0.97,0
20211223,-0.36,-0.37,-0.48,0.28,0.71,0
20211227,0.46,0.97,0.29,-0.12,1.22,0
20211228,0.21,0.83,0.81,-0.41,-0.27,0
20211229,-0.02,0.67,0.16,-0.01,0.06,0
20211230,-0.41,-0.82,-0.41,0.06,-0.15,0
20211231,0.42,0.34,0.52,0.18,-0.31,0
