,TSLA,AAPL,AMD,AMZN,NVDA,FB,MSFT,NFLX,GM,INTC,DIS,MRNA,AAL,MU,GE,BA,PYPL,JPM,CCL,PFE,GME,AMC,BB,PLTR,SPY,NOK,CLOV,RKT,WISH,SNDL,SLV,NIO,UWMC,TLRY,MVIS,BABA,SPCE,CRSR,SOFI,CLNE,WKHS,CLF,QQQ,RIDE,MNMD,SDC,COIN,ICLN,DKNG,RBLX,GOEV,LCID
2022-04-01,59900,26660,55020,34953,46852,45317,27573,51063,41022,36672,26678,66898,53739,43327,33910,39173,43161,27740,50741,26874,129586,149040,68426,,15038,41860,95889,59423,108987,168758,25946,,47182,116364,102885,59030,87961,49565,74178,66362,88416,62571,21449,108709,113046,95909,63661,31892,72053,74705,102167,80976
2022-04-04,61116,26403,54424,34312,44941,46148,25960,51561,40984,35502,26792,69323,52570,40606,34181,38894,45259,27110,50353,28101,119294,137842,55984,,14594,39095,91693,66464,103447,149486,26530,,70812,110055,134250,59261,92191,50593,72707,64087,89828,60865,21579,127003,108346,106093,62224,30578,74941,72702,83403,79584
2022-04-05,58574,28198,56529,35986,47852,48624,27602,53270,43144,36909,28730,70829,55474,43493,35874,42323,51666,30527,53562,29426,113197,134421,56669,,17129,40976,96504,68173,104557,135531,25594,,47016,113333,147327,61499,91158,51500,76577,69711,87262,62758,24097,113287,100506,136375,66819,32117,79197,77583,105531,84283
2022-04-06,60275,29984,60231,37646,52659,50399,31416,54959,45527,38852,29960,72410,57392,45111,36454,43348,56995,31618,58368,31281,109115,135740,58551,,18454,41875,94101,68512,106613,139581,26195,,85955,102676,122873,60594,96270,51963,83988,69689,98327,64350,26130,107466,109058,111006,72073,33890,84118,80842,91910,84509
2022-04-07,61788,29680,59389,38590,52948,49732,30533,55692,46036,39069,31037,71924,58718,45536,37150,43084,56820,31912,58745,35076,104752,138320,59165,,17832,42582,103993,70855,105384,141252,25697,,96301,100400,161179,61710,93253,53149,91140,70503,99062,64979,25599,106731,103482,125956,72196,33535,88592,86724,111555,85008
2022-04-08,59044,29603,60415,39056,53703,49261,31093,55269,45728,38657,31028,72976,58482,45712,36522,42810,55486,32066,57662,33339,101643,125196,56912,,17457,43490,93470,72048,105638,134694,25700,,57115,95819,129761,59190,102743,52165,89660,69474,103245,64725,25265,116465,115323,105009,72578,34927,90813,87662,139491,86737
2022-04-11,60847,32609,62722,41000,57515,51799,34683,57291,46742,40683,34901,74902,60634,48453,38757,44542,57508,33543,58654,33536,101356,127849,60052,,20680,43057,90643,79539,93468,136073,28297,,57565,92514,174202,61419,102881,54843,93262,71277,99925,65800,29019,118770,136001,113463,79361,35795,94332,98528,120419,93759
2022-04-12,58890,31511,61537,41247,56968,51156,34231,57464,47096,40652,35238,74769,60345,47165,38333,43707,57242,32804,57398,33528,98356,121548,58760,,20695,45563,102708,73192,108467,127596,28656,,84166,92676,277123,61650,96624,53649,91489,70612,93591,64948,28815,119593,118276,179205,78481,34021,92839,100603,120318,89749
2022-04-13,56674,29051,57925,37687,53538,48696,31818,56197,44324,38475,34355,73000,55722,44876,36607,41275,56182,27366,54084,32260,89572,119780,58267,,18534,42621,101375,74176,106626,130021,28296,,91221,88777,87275,57043,95769,50808,90996,68199,101063,64150,25287,124828,109074,121368,73665,34157,89149,100256,127335,86886
2022-04-14,55241,31257,58111,38277,55268,48808,34022,56087,44318,39465,34686,71206,54175,44372,36466,40798,57149,27019,53324,31274,85502,115154,56649,,19394,42744,101227,73068,109209,138674,28590,,94470,85938,249317,59954,94542,53180,89132,65880,102530,64085,27173,115174,110016,121727,77359,32890,88654,99956,174013,89540
2022-04-15,55241,31257,58111,38277,55268,48808,34022,56087,44318,39465,34686,71206,54175,44372,36466,40798,57149,27019,53324,31274,85502,115154,56649,,19394,42744,101227,73068,109209,138674,28590,,94470,85938,249317,59954,94542,53180,89132,65880,102530,64085,27173,115174,110016,121727,77359,32890,88654,99956,174013,89540
2022-04-18,56700,31194,58107,38861,56357,49464,33590,59288,44399,39319,36351,74535,57106,46028,37609,42121,58930,27420,56596,32441,94021,117933,57537,,20577,43344,98998,71732,111675,137176,29209,,60326,90751,108467,61065,95713,54520,88703,68799,109315,65010,28248,115398,116824,131195,81487,32123,89537,103560,95696,93633
2022-04-19,54825,29343,57250,38409,54575,48851,32390,60897,42944,38519,35372,71946,54156,44543,35892,40088,57704,25526,53231,32744,91755,113171,55761,,20156,41941,100700,71578,104988,136916,27534,,61339,90501,105740,65077,97092,53820,85950,69414,109301,62972,27757,123208,101277,131590,79360,29953,86386,99951,98308,90243
2022-04-20,63424,30971,59083,40161,57199,60316,33221,58827,43511,39042,40057,72023,56134,45855,36799,41390,64843,25414,53787,32830,88588,110437,55437,,18325,41636,104423,70151,106518,122757,26655,,64062,87467,102591,65919,101997,57274,89260,71788,110603,64787,25709,119015,111984,131147,80389,29803,89870,110847,97424,93028
2022-04-21,55564,32605,62573,43036,60793,71287,36889,58525,46861,40165,42012,74160,53196,48526,38204,42659,73519,27141,57283,34349,88449,113669,59072,,20334,41432,104064,70468,110022,123627,26230,,67011,89417,114633,72872,103033,57854,93035,72965,109606,69332,29330,128294,126314,131581,89139,34563,96227,118161,101250,95608
2022-04-22,57566,38124,66671,45239,66209,70552,41589,57503,49896,43818,44053,79754,56232,51489,41394,46416,74827,30153,61859,36247,91588,115485,62085,,25498,43619,107420,75917,115754,124781,26487,,68106,91946,116636,71366,106792,66653,100444,76162,111426,68597,33025,134316,120452,132698,92962,36461,98980,116725,103163,100155
2022-04-25,58447,37943,66819,45206,68058,70590,39438,55149,50156,43916,43478,79204,58366,51437,42636,47517,73387,30916,62538,36112,98526,114287,63632,,23538,45446,106396,124323,115408,129473,27211,,66896,92807,120131,74271,110443,67339,101748,83215,137345,70939,30987,132894,115317,149157,94547,35376,99152,117632,102490,97530
2022-04-26,69697,43117,72939,50785,75891,75124,45546,58611,55864,46536,46704,79304,62924,55907,41217,50566,78292,35303,69933,37258,98538,115114,66635,,29438,45196,111434,78709,121053,120498,27011,,69130,92459,113230,76076,112426,69366,103044,81998,170979,71941,36002,160350,142090,148512,97536,38255,103800,122357,111960,106106
2022-04-27,66983,41976,70248,49371,74823,78695,34281,60485,47011,45265,44684,80059,60246,53887,40606,48223,82979,33998,67065,36180,97884,115578,66269,,26495,52750,109058,78878,130419,122028,27396,,75123,91491,128274,76009,112877,66744,103145,85012,109275,70930,35091,193941,122207,228922,97269,38023,105532,123702,109357,99578
2022-04-28,67697,37701,66462,46754,71441,46440,32081,55458,45020,42428,43546,79898,57464,51201,39249,43259,57376,30909,63142,34846,98813,116335,63714,,22471,51808,104465,75589,127939,117197,27769,,70708,90207,113822,72697,109199,65889,95886,85060,299321,67078,37192,153677,121112,168339,96632,36078,101757,115453,96631,98605
2022-04-29,70030,37360,70776,44531,76295,49814,36427,58076,48147,36842,46721,84640,61081,54268,41729,48104,62064,35435,64396,38346,99781,119156,67273,,28630,46573,104193,78090,116364,121942,29082,,70366,90896,118153,73735,109770,67403,97974,86846,124530,70092,36196,128051,132443,153701,111410,36880,101336,117959,116010,100555
2022-05-02,67051,34870,67262,42753,73324,49077,34470,57849,46706,34531,45589,84995,61234,52422,41463,49105,60763,34187,64233,38391,102227,118722,66668,,27345,40047,104227,77937,120385,110354,30029,,77095,91392,117128,71902,107337,68186,98634,89213,110617,68161,34333,137707,122766,139559,104935,35955,98539,116402,105521,100457
2022-05-03,66249,33068,65617,41400,71247,47930,33280,56773,45333,34086,43984,82842,57711,51109,39754,46140,57015,32551,62187,33287,102389,119328,65581,,25475,37231,103867,74209,123102,122719,29992,,74192,90439,110604,69403,106738,71962,100356,88084,239351,65479,34392,156315,138082,135122,101542,36374,99823,116599,113224,98694
2022-05-04,60387,29007,53694,38703,65778,42318,29252,50728,40904,29993,41157,70874,53593,46260,34922,42554,51874,31822,58940,29696,99867,116342,61901,,22416,34686,107513,67979,135709,105032,28702,,68199,89428,128324,67681,103268,65679,97591,81920,103988,61163,28657,163370,118098,133948,94680,30914,94203,111744,119026,92793
2022-05-05,68976,36176,61384,46855,72525,49762,36385,59007,46399,36099,45150,75625,57914,51302,39051,48347,59784,33448,65268,32863,101712,119278,64689,,27413,38510,106441,76838,153674,109710,30776,,73108,86893,116473,72116,113639,70432,99141,82686,115768,67757,34397,131408,135627,153156,109602,36592,108172,125501,100348,102054
2022-05-06,67168,35219,59777,46082,72792,49012,35718,58232,45267,35097,46238,77364,58039,51768,38431,46789,60519,32463,65681,31925,107197,120781,66693,,25650,39246,108853,77802,115437,114355,30041,,77521,89330,116579,72246,94999,64267,106668,80842,112760,67325,35002,137032,127695,146314,113965,37038,90178,125479,105504,90011
2022-05-09,77092,39628,69795,52950,80684,53571,40179,66273,52313,38454,50796,82690,69036,57519,45398,55224,65257,35789,76605,33259,132775,139935,78418,,30314,43610,126219,81749,128337,125774,32125,,73205,90609,128553,81923,103025,65623,116891,87926,117188,73375,39702,141573,153940,155645,141932,40147,101159,134483,112872,103332
2022-05-10,73087,37742,65937,51404,77496,53056,37986,66111,49539,38457,52850,82540,66624,56894,43568,53856,66054,36306,76276,32659,133100,124509,76119,,29477,43663,101719,97920,126049,135841,32006,,93710,93069,122789,81840,102828,67368,119142,89674,112157,72405,37933,153363,167760,229534,151882,39584,104635,155322,120378,102552
2022-05-11,80537,41388,68297,53521,80625,54796,40315,70745,51364,39074,57227,85847,67337,57758,44291,55809,68805,36758,77078,33433,148314,135946,80342,,29282,43799,101457,79266,124397,140032,31050,,74184,87563,116228,82444,106116,70071,109504,92801,117818,71686,39983,161236,155379,133651,148670,40040,108492,120624,225402,120553
2022-05-12,82656,42892,67758,53521,79684,55025,40988,68688,53991,38447,41519,84709,70326,56311,44481,60336,71419,35985,82711,33968,154327,148364,80010,,29126,44514,97893,78898,120498,141943,33948,,73017,95716,110238,85197,111335,73045,110811,96794,110622,73771,39864,183039,165216,157582,169214,39924,110215,121616,122270,122580
2022-05-13,73949,37167,61980,48457,72788,49083,35862,60634,49252,34973,37314,79581,63433,51297,39545,55149,64094,33885,73627,32052,137316,145353,75131,,25260,38207,105071,72019,131247,148791,32302,,65099,91646,119462,80408,105318,66462,95801,89724,97526,68359,34036,150269,157436,204213,159705,38277,100461,108387,123906,106695
