Day,Date,Hist Vol (10)_TSLA,Hist Vol (30)_TSLA,Hist Vol (50)_TSLA,Hist Vol (100)_TSLA,Price (L)_TSLA,Implied Vol_TSLA,Hist Vol (10)_AAPL,Hist Vol (30)_AAPL,Hist Vol (50)_AAPL,Hist Vol (100)_AAPL,Price (L)_AAPL,Implied Vol_AAPL,Hist Vol (10)_AMD,Hist Vol (30)_AMD,Hist Vol (50)_AMD,Hist Vol (100)_AMD,Price (L)_AMD,Implied Vol_AMD,Hist Vol (10)_AMZN,Hist Vol (30)_AMZN,Hist Vol (50)_AMZN,Hist Vol (100)_AMZN,Price (L)_AMZN,Implied Vol_AMZN,Hist Vol (10)_NVDA,Hist Vol (30)_NVDA,Hist Vol (50)_NVDA,Hist Vol (100)_NVDA,Price (L)_NVDA,Implied Vol_NVDA,Hist Vol (10)_FB,Hist Vol (30)_FB,Hist Vol (50)_FB,Hist Vol (100)_FB,Price (L)_FB,Implied Vol_FB,Hist Vol (10)_MSFT,Hist Vol (30)_MSFT,Hist Vol (50)_MSFT,Hist Vol (100)_MSFT,Price (L)_MSFT,Implied Vol_MSFT,Hist Vol (10)_NFLX,Hist Vol (30)_NFLX,Hist Vol (50)_NFLX,Hist Vol (100)_NFLX,Price (L)_NFLX,Implied Vol_NFLX,Hist Vol (10)_GM,Hist Vol (30)_GM,Hist Vol (50)_GM,Hist Vol (100)_GM,Price (L)_GM,Implied Vol_GM,Hist Vol (10)_INTC,Hist Vol (30)_INTC,Hist Vol (50)_INTC,Hist Vol (100)_INTC,Price (L)_INTC,Implied Vol_INTC,Hist Vol (10)_DIS,Hist Vol (30)_DIS,Hist Vol (50)_DIS,Hist Vol (100)_DIS,Price (L)_DIS,Implied Vol_DIS,Hist Vol (10)_MRNA,Hist Vol (30)_MRNA,Hist Vol (50)_MRNA,Hist Vol (100)_MRNA,Price (L)_MRNA,Implied Vol_MRNA,Hist Vol (10)_AAL,Hist Vol (30)_AAL,Hist Vol (50)_AAL,Hist Vol (100)_AAL,Price (L)_AAL,Implied Vol_AAL,Hist Vol (10)_MU,Hist Vol (30)_MU,Hist Vol (50)_MU,Hist Vol (100)_MU,Price (L)_MU,Implied Vol_MU,Hist Vol (10)_GE,Hist Vol (30)_GE,Hist Vol (50)_GE,Hist Vol (100)_GE,Price (L)_GE,Implied Vol_GE,Hist Vol (10)_BA,Hist Vol (30)_BA,Hist Vol (50)_BA,Hist Vol (100)_BA,Price (L)_BA,Implied Vol_BA,Hist Vol (10)_PYPL,Hist Vol (30)_PYPL,Hist Vol (50)_PYPL,Hist Vol (100)_PYPL,Price (L)_PYPL,Implied Vol_PYPL,Hist Vol (10)_JPM,Hist Vol (30)_JPM,Hist Vol (50)_JPM,Hist Vol (100)_JPM,Price (L)_JPM,Implied Vol_JPM,Hist Vol (10)_CCL,Hist Vol (30)_CCL,Hist Vol (50)_CCL,Hist Vol (100)_CCL,Price (L)_CCL,Implied Vol_CCL,Hist Vol (10)_PFE,Hist Vol (30)_PFE,Hist Vol (50)_PFE,Hist Vol (100)_PFE,Price (L)_PFE,Implied Vol_PFE,Hist Vol (10)_GME,Hist Vol (30)_GME,Hist Vol (50)_GME,Hist Vol (100)_GME,Price (L)_GME,Implied Vol_GME,Hist Vol (10)_AMC,Hist Vol (30)_AMC,Hist Vol (50)_AMC,Hist Vol (100)_AMC,Price (L)_AMC,Implied Vol_AMC,Hist Vol (10)_BB,Hist Vol (30)_BB,Hist Vol (50)_BB,Hist Vol (100)_BB,Price (L)_BB,Implied Vol_BB,Hist Vol (10)_PLTR,Hist Vol (30)_PLTR,Hist Vol (50)_PLTR,Hist Vol (100)_PLTR,Price (L)_PLTR,Implied Vol_PLTR,Hist Vol (10)_SPY,Hist Vol (30)_SPY,Hist Vol (50)_SPY,Hist Vol (100)_SPY,Price (L)_SPY,Implied Vol_SPY,Hist Vol (10)_NOK,Hist Vol (30)_NOK,Hist Vol (50)_NOK,Hist Vol (100)_NOK,Price (L)_NOK,Implied Vol_NOK,Hist Vol (10)_CLOV,Hist Vol (30)_CLOV,Hist Vol (50)_CLOV,Hist Vol (100)_CLOV,Price (L)_CLOV,Implied Vol_CLOV,Hist Vol (10)_RKT,Hist Vol (30)_RKT,Hist Vol (50)_RKT,Hist Vol (100)_RKT,Price (L)_RKT,Implied Vol_RKT,Hist Vol (10)_WISH,Hist Vol (30)_WISH,Hist Vol (50)_WISH,Hist Vol (100)_WISH,Price (L)_WISH,Implied Vol_WISH,Hist Vol (10)_SNDL,Hist Vol (30)_SNDL,Hist Vol (50)_SNDL,Hist Vol (100)_SNDL,Price (L)_SNDL,Implied Vol_SNDL,Hist Vol (10)_SLV,Hist Vol (30)_SLV,Hist Vol (50)_SLV,Hist Vol (100)_SLV,Price (L)_SLV,Implied Vol_SLV,Hist Vol (10)_NIO,Hist Vol (30)_NIO,Hist Vol (50)_NIO,Hist Vol (100)_NIO,Price (L)_NIO,Implied Vol_NIO,Hist Vol (10)_UWMC,Hist Vol (30)_UWMC,Hist Vol (50)_UWMC,Hist Vol (100)_UWMC,Price (L)_UWMC,Implied Vol_UWMC,Hist Vol (10)_TLRY,Hist Vol (30)_TLRY,Hist Vol (50)_TLRY,Hist Vol (100)_TLRY,Price (L)_TLRY,Implied Vol_TLRY,Hist Vol (10)_MVIS,Hist Vol (30)_MVIS,Hist Vol (50)_MVIS,Hist Vol (100)_MVIS,Price (L)_MVIS,Implied Vol_MVIS,Hist Vol (10)_BABA,Hist Vol (30)_BABA,Hist Vol (50)_BABA,Hist Vol (100)_BABA,Price (L)_BABA,Implied Vol_BABA,Hist Vol (10)_SPCE,Hist Vol (30)_SPCE,Hist Vol (50)_SPCE,Hist Vol (100)_SPCE,Price (L)_SPCE,Implied Vol_SPCE,Hist Vol (10)_CRSR,Hist Vol (30)_CRSR,Hist Vol (50)_CRSR,Hist Vol (100)_CRSR,Price (L)_CRSR,Implied Vol_CRSR,Hist Vol (10)_SOFI,Hist Vol (30)_SOFI,Hist Vol (50)_SOFI,Hist Vol (100)_SOFI,Price (L)_SOFI,Implied Vol_SOFI,Hist Vol (10)_CLNE,Hist Vol (30)_CLNE,Hist Vol (50)_CLNE,Hist Vol (100)_CLNE,Price (L)_CLNE,Implied Vol_CLNE,Hist Vol (10)_WKHS,Hist Vol (30)_WKHS,Hist Vol (50)_WKHS,Hist Vol (100)_WKHS,Price (L)_WKHS,Implied Vol_WKHS,Hist Vol (10)_CLF,Hist Vol (30)_CLF,Hist Vol (50)_CLF,Hist Vol (100)_CLF,Price (L)_CLF,Implied Vol_CLF,Hist Vol (10)_QQQ,Hist Vol (30)_QQQ,Hist Vol (50)_QQQ,Hist Vol (100)_QQQ,Price (L)_QQQ,Implied Vol_QQQ,Hist Vol (10)_RIDE,Hist Vol (30)_RIDE,Hist Vol (50)_RIDE,Hist Vol (100)_RIDE,Price (L)_RIDE,Implied Vol_RIDE,Hist Vol (10)_MNMD,Hist Vol (30)_MNMD,Hist Vol (50)_MNMD,Hist Vol (100)_MNMD,Price (L)_MNMD,Implied Vol_MNMD,Hist Vol (10)_SDC,Hist Vol (30)_SDC,Hist Vol (50)_SDC,Hist Vol (100)_SDC,Price (L)_SDC,Implied Vol_SDC,Hist Vol (10)_COIN,Hist Vol (30)_COIN,Hist Vol (50)_COIN,Hist Vol (100)_COIN,Price (L)_COIN,Implied Vol_COIN,Hist Vol (10)_ICLN,Hist Vol (30)_ICLN,Hist Vol (50)_ICLN,Hist Vol (100)_ICLN,Price (L)_ICLN,Implied Vol_ICLN,Hist Vol (10)_DKNG,Hist Vol (30)_DKNG,Hist Vol (50)_DKNG,Hist Vol (100)_DKNG,Price (L)_DKNG,Implied Vol_DKNG,Hist Vol (10)_RBLX,Hist Vol (30)_RBLX,Hist Vol (50)_RBLX,Hist Vol (100)_RBLX,Price (L)_RBLX,Implied Vol_RBLX,Hist Vol (10)_GOEV,Hist Vol (30)_GOEV,Hist Vol (50)_GOEV,Hist Vol (100)_GOEV,Price (L)_GOEV,Implied Vol_GOEV,Hist Vol (10)_LCID,Hist Vol (30)_LCID,Hist Vol (50)_LCID,Hist Vol (100)_LCID,Price (L)_LCID,Implied Vol_LCID
Fri,2022-05-13,93518,75869,71463,71866,769.59,73949,58138,42252,38905,33721,147.11,37167,97919,71063,67822,67102,95.12,61980,64437,65158,58347,52827,2261.10,48457,97209,76407,75802,67703,177.06,72788,64877,75450,65893,72874,198.62,49083,44064,42306,39321,35338,261.12,35862,85640,141856,114014,95877,187.64,60634,66050,47078,46832,44911,38.21,49252,40752,40450,39728,37000,43.60,34973,36020,34377,34353,32393,107.33,37314,92928,72581,81282,79579,137.91,79581,80431,64726,68191,60447,16.58,63433,52055,44197,52786,51787,71.92,51297,51782,46596,41578,38436,75.05,39545,74870,53458,50751,45765,127.20,55149,66074,68432,66087,71916,78.83,64094,31722,28779,30793,30886,119.09,33885,89205,64516,66764,61686,14.28,73627,24751,30125,28453,28914,49920,32052,147819,96554,132252,111113,98.39,137316,114541,87238,131221,111950,11.81,145353,107318,69317,68907,57677,5.83,75131, , , ,148179, , ,36225,28675,26884,23431,401.72,25260,48089,35641,37511,36456,4880,38207,130244,86513,100782,99103,26100,105071,89983,69822,69837,60434,8110,72019,143053,104198,102273,99345,1540,131247,74470,73365,89756,85438,0.3840,148791,36132,26068,25509,24756,19420,32302, ,104066,116040,99280, , ,59964,54405,54879,55360,3.79,65099,87946,71393,97256,86563,4.54,91646,143795,106728,122124,115433,3.23,119462,73671,63251,102791,81765,87.99,80408,137457,97911,98121,108141,6540,105318,86160,67002,67066,60052,15.30,66462,154311,99999,92831,91611,6.75,95801,155635,90921,80641,71388,4860,89724,142822,105184,108510,99229,28200,97526,65189,52848,62524,63956,217300,68359,49639,39740,37704,33329,301.94,34036,243532,150780,132244,120157,2.45,150269,79767,67372,73099,97687,0.7800,157436,151141,98453,96603,102937,1.44,204213,242069,145452,126737,103976,67.87,159705,60088,38935,38021,38196,17.64,38277,160347,109386,104766,101251,12.61,100461,180756,121704,111343,108877,329700,108387,181071,117878,107866,92630,3280,123906,154873,99650,88949,90788,18.01,106695
Thu,2022-05-12,89077,73197,70182,71611,728.00,82656,53645,40674,38271,33456,142.56,42892,89083,64955,64660,66218,87.06,67758,51617,61857,56602,52062,2138.61,53521,85647,69185,72632,66448,161.75,79684,68337,74482,65358,72719,191.24,55025,44640,41511,39119,35347,255.35,40988,78311,138791,112161,94985,174.31,68688,51012,40907,45200,43276,35.56,53991,43527,40649,39479,37090,42.84,38447,32697,32511,34008,32454,104.31,41519,92451,70426,80562,78963,130.17,84709,64302,60854,68656,59890,15.49,70326,43930,40113,53998,53447,67.71,56311,50447,45945,41748,38644,73.28,44481,69576,51605,50549,46457,123.14,60336,59373,65025,64369,71407,74.29,71419,31746,28494,31249,30946,118.04,35985,70643,58802,65357,62008,13.26,82711,25865,30030,28604,29375,50390,33968,130341,90196,130885,109949,89.57,154327,105195,84425,131692,111587,11.20,148364,77219,61921,62213,53974,5.13,80010, , , ,147067,12510, ,33038,27456,26265,23279,392.34,29126,40813,33019,36835,35727,4670,44514,106806,74668,97615,96792,22900,97893,89456,69078,69705,60461,7930,78898,129677,98227,99379,100478,1390,120498,75035,72306,89560,85852,0.3750,141943,33238,25240,25482,24672,19120,33948, ,104743,116040,98651, , ,58825,53613,55922,55186,3.70,73017,92737,70575,97326,86931,4.44,95716,141508,99034,120065,113621,2.86,110238,57947,57290,100882,81396,81.09,85197,121015,89986,94756,106721,5840,111335,71410,59946,65022,58366,14.04,73045,118446,81419,83080,86700,5.66,110811,138632,83717,76681,69859,4400,96794,131251,98925,105622,98040,25500,110622,63974,51954,62484,64059,212400,73771,45080,37517,36688,32965,291.15,39864,240462,147700,130795,119189,2.22,183039,77920,64197,72737,97176,0.7360,165216,109131,83486,89702,100339,1.24,157582,223277,134084,121059,100939,58.50,169214,50626,35279,36185,37748,16.82,39924,157451,103117,101303,100697,11.37,110215,164924,111950,106644,106236,285800,121616,166677,113155,106104,91257,3000,122270,134539,88521,82408,87624,15.69,122580
Wed,2022-05-11,89098,73179,70914,71810,734.00,80537,54879,40337,37848,33212,146.50,41388,92854,69097,65656,66232,87.92,68297,85112,61204,56580,52008,2107.44,53521,89578,69125,72549,66349,166.30,80625,68145,74472,65495,72726,188.74,54796,47954,41446,39003,35262,260.55,40315,72333,136970,111270,94579,166.37,70745,46200,39861,44542,42793,37.27,51364,57418,41720,39670,37215,42.83,39074,35315,32947,34027,32503,105.21,57227,89635,67685,80080,78863,123.43,85847,64526,60548,68953,59796,15.97,67337,45614,39936,54605,53427,66.96,57758,53852,46158,41684,38647,72.44,44291,68107,50509,50416,45956,129.39,55809,60929,65070,65166,71424,75.17,68805,35982,29462,31257,31046,118.14,36758,70481,60316,65729,62223,13.55,77078,28894,29590,28301,29521,49450,33433,102876,82765,128758,108701,81.33,148314,81931,78061,130143,110788,10.37,135946,68298,58982,60970,53427,4.89,80342, , , ,76183, , ,37072,27610,26272,23327,392.75,29282,45369,33089,40275,35802,4690,43799,92531,69616,100070,96256,21300,101457,74863,64482,67341,59937,7400,79266,103887,91160,97220,98886,1250,124397,76479,71705,89656,85863,0.3710,140032,29234,23181,24160,23900,19870,31050, ,102799,116065,98228, , ,47418,49857,55332,54457,3.49,74184,69134,62385,96052,86110,4.06,87563,135058,96987,119046,113325,2.67,116228,74198,59934,101083,81905,81.73,82444,100670,85952,96607,105732,5370,106116,70565,60142,64972,58543,13.90,70071,117925,80145,83843,86457,5.49,109504,128350,80447,75219,69321,4160,92801,112080,92163,102847,97622,23200,117818,69354,52162,64923,65025,214000,71686,49190,37510,36776,32993,291.84,39983,64118,80082,96881,101329,1.51,161236,80293,64494,73407,97441,0.7500,155379,108390,82501,88561,100247,1.33,133651,201817,128313,119269,99624,53.72,148670,50538,35548,36729,38175,16.94,40040,139036,96406,99793,99088,10.27,108492,122219,94833,98169,101724,239700,120624,149131,109788,104979,90534,2790,225402,104835,77283,78189,85144,13.86,120553
Tue,2022-05-10,79655,69674,68364,70500,800.04,73087,56218,37667,36282,32129,154.51,37742,97433,69425,66442,66228,88.73,65937,95580,60988,56351,51842,2177.18,51404,98334,68283,72166,65869,175.95,77496,110540,73459,64894,72426,197.65,53056,49060,40568,38593,34882,269.50,37986,77052,136488,110676,94184,177.66,66111,41596,39026,44976,43305,38.70,49539,61009,41329,40598,36982,44.01,38457,34779,32695,34055,32347,107.68,52850,83747,65629,78595,78695,132.32,82540,68089,59702,68428,59648,16.57,66624,52955,40373,57762,53258,68.91,56894,53798,46218,42047,38645,73.31,43568,68561,50681,50508,45851,132.95,53856,90829,64407,64526,71166,78.75,66054,37586,29465,31727,31213,118.89,36306,75303,59439,65164,62198,14.19,76276,30441,29607,29831,29854,49490,32659,90225,76504,125199,107265,93.50,133100,63906,78560,127099,112974,11.84,124509,72834,57594,59792,53314,5.19,76119, , , ,75594, , ,41056,27414,26481,23299,399.09,29477,45819,32561,40542,35621,4810,43663,84113,64161,97186,95307,23700,101719,76886,63304,67364,59454,7810,97920,106017,89052,95685,98088,1380,126049,72857,69990,88855,85253,0.4000,135841,25552,22329,23733,23756,19550,32006, ,102799,114189,98210,14030, ,56805,49402,55110,54401,3.60,93710,70434,61634,95397,85801,4.29,93069,120484,94878,116222,112022,3.01,122789,75756,59628,100886,81814,84.57,81840,102830,83817,95105,105056,5850,102828,59308,57254,63642,57409,15.00,67368,118440,77732,83443,86200,5.25,119142,130822,81153,75524,69485,4220,89674,97870,86771,98813,96163,26500,112157,70910,52261,64716,64853,220200,72405,54008,36892,36523,32691,300.76,37933,65992,77337,95097,100270,1.67,153363,75909,62744,72345,97337,0.8000,167760,107661,84196,88765,101060,1.35,229534,158510,99371,99442,87472,72.99,151882,50296,34941,36340,37916,17.45,39584,135279,93413,97807,98632,11.36,104635,126760,93610,97648,102420,231900,155322,100918,82969,88277,81862,3610,120378,90104,68179,72110,82463,15.95,102552
Mon,2022-05-09,78690,69393,68245,70903,787.11,77092,55230,37831,36135,32619,152.06,39628,96544,69300,68203,66528,86.36,69795,94840,61020,56363,51953,2175.78,52950,95074,66969,71806,66352,169.50,80684,113455,74031,65384,72435,196.21,53571,55562,40396,38377,35007,264.58,40179,77571,136822,110243,93993,173.10,66273,42090,41649,46036,43230,38.26,52313,59168,40932,40428,36798,43.07,38454,33812,34083,34043,32331,106.98,50796,83576,67351,78611,78639,135.80,82690,67467,61460,69602,59768,16.32,69036,52971,41141,57871,53465,67.93,57519,54536,47392,42516,38646,72.97,45398,75270,52186,51511,45969,133.31,55224,90899,66632,65295,71166,79.53,65257,35823,28972,32394,31153,121.86,35789,74459,60402,67042,62244,14.14,76605,29915,29064,30245,30496,48640,33259,93717,76407,124858,107012,98.79,132775,68254,78864,126712,112695,12.52,139935,72102,58107,59710,53290,5.14,78418, , , ,75096, , ,41085,27822,26655,23320,398.17,30314,45326,33672,41111,35624,4780,43610,84501,66360,97131,95429,24100,126219,68389,61831,66604,58471,8400,81749,105479,92404,95695,98024,1440,128337,85524,71570,88827,85611,0.4100,125774,24175,21588,25283,23637,20030,32125, ,105883,118101,98385,14940, ,54442,48875,56581,55462,3.48,73205,70390,64483,95674,85864,4.39,90609,122159,131515,117609,112135,3.10,128553,81371,60060,101021,81849,84.84,81923,103297,93837,95072,105027,6070,103025,55568,59384,63276,57097,15.62,65623,98133,77882,79122,84407,5.97,116891,129672,82130,75886,69585,4230,87926,91662,93891,107084,95843,25400,117188,77090,52614,65418,65081,222100,73375,53046,37164,36474,32822,297.15,39702,62202,87358,94976,99849,1.78,141573,75971,63394,72992,97333,0.8130,153940,103983,85541,86649,99980,1.51,155645,151623,95556,96307,85316,83.51,141932,51501,35493,36364,38059,17.46,40147,131645,99399,97177,98748,10.99,101159,125907,95866,97144,102180,246100,134483,100298,86946,88162,81594,3805,112872,91989,73679,78841,82439,16.35,103332
Fri,2022-05-06,91784,69254,66748,69322,865.65,67168,56039,36860,35345,32545,157.28,35219,85694,63884,64945,66079,95.34,59777,94309,60983,55302,51547,2295.45,46082,85447,63092,68739,65858,186.75,72792,112818,73385,64829,72392,203.77,49012,55661,39991,37507,34696,274.73,35718,79282,137206,110210,93930,180.97,58232,45576,40986,45577,42975,39.58,45267,59846,40361,39961,36695,44.30,35097,34942,33460,33581,32084,110.29,46238,83612,68835,78658,78730,134.40,77364,59041,55418,66526,57984,17.84,58039,55240,40912,57491,53419,70.35,51768,70203,43631,39768,37045,78.23,38431,58258,42282,45994,42521,148.90,46789,93137,67252,65228,71262,81.68,60519,38517,28812,33543,31096,123.72,32463,58641,53499,62177,59305,15.92,65681,29600,29258,30437,31938,49040,31925,64526,97072,120495,104348,114.70,107197,66791,141465,126189,111797,13.76,120781,64936,55351,56868,52030,5.61,66693, , , ,75211, , ,40426,26641,25663,22930,411.34,25650,42920,32159,40444,35515,4960,39246,72699,60269,95433,93981,26900,108853,72508,63695,68085,58457,8580,77802,92569,88452,93422,96586,1610,115437,74680,67475,85876,84058,0.4550,114355,20096,20863,24527,23107,20660,30041, ,89155,109021,94125, , ,61847,50294,55996,56555,3.62,77521,63093,63893,94287,85128,4.74,89330,96947,125417,115469,110170,3.57,116579,74444,58666,100318,81480,90.05,72246,93269,89987,92917,103655,6800,94999,60908,60383,63385,57874,15.65,64267,91570,76482,80037,84171,6.44,106668,93306,62536,63837,63149,5130,80842,83493,90500,104510,94456,28300,112760,69240,48265,63069,63866,241200,67325,52764,36305,35457,32514,309.25,35002,61532,86156,106299,99538,1.91,137032,84864,63360,72958,97358,0.8300,127695,65545,72963,78408,97199,1.78,146314,112965,81675,86476,78461,103.74,113965,42549,31230,36924,36913,18.57,37038,96526,86621,90957,94962,13.15,90178,118394,91939,94336,101499,278100,125479,62860,74031,80525,77673,4470,105504,87762,68559,79522,80960,18.15,90011
Thu,2022-05-05,91833,69248,66743,69320,873.28,68976,56213,36869,35476,32557,156.77,36176,86466,63473,65512,66064,93.87,61384,96455,61253,55495,51520,2328.14,46855,86615,63081,68924,65875,188.44,72525,111210,73243,64717,72341,208.28,49762,57179,39951,37542,35045,277.35,36385,78320,137253,110136,93820,188.32,59007,45279,41123,45968,42989,39.95,46399,60608,40457,40274,36692,44.60,36099,36228,33329,33441,31967,112.61,45150,89529,70783,77992,78450,142.02,75625,56927,54168,66204,57671,18.54,57914,54794,40805,57626,53416,71.29,51302,71262,43657,41086,37074,78.59,39051,58527,42337,46245,42517,150.47,48347,91308,66510,66068,71030,85.43,59784,38535,29081,34115,31139,123.92,33448,58342,52499,62033,59017,16.54,65268,30329,28973,31508,31887,48450,32863,63494,99162,120715,104955,119.13,101712,66155,140585,125392,111767,14.69,119278,62897,55256,56486,51761,5.82,64689, , , ,75211, , ,40782,26738,26180,22936,413.81,27413,41221,31123,39982,35221,5110,38510,72126,59113,94830,93950,28300,106441,86462,64658,69556,58421,8760,76838,93572,88286,93371,96767,1700,153674,77080,74414,85783,84014,0.4650,109710,21772,20862,24542,23212,20780,30776, ,89155,112033,94125,17660, ,61615,50528,55766,56454,3.74,73108,63128,92895,94138,85114,4.89,86893,95167,126828,117167,110057,3.71,116473,67433,57334,99744,81359,94.64,72116,86522,86155,90541,102599,7500,113639,60600,60296,63441,57852,15.54,70432,85501,76012,79800,83763,6.83,99141,59466,48186,56783,60624,5940,82686,80070,89044,103213,93850,30400,115768,69875,47947,66510,63595,250300,67757,53681,36263,35610,32502,313.00,34397,59416,83613,105083,98763,2.08,131408,84250,63273,72950,97781,0.8500,135627,66868,74978,78216,97253,1.83,153156,108551,78178,84112,77260,114.25,109602,38968,30059,36721,36863,19.19,36592,86863,83522,89042,94038,14.44,108172,112172,90991,92543,100798,304400,125501,71109,76880,80605,77984,4490,100348,86115,68737,79986,81234,18.85,102054
Wed,2022-05-04,81085,64632,64179,68377,952.62,60387,48848,33674,33097,31404,166.02,29007,79355,64487,65976,65676,99.42,53694,90760,57726,53896,50083,2518.57,38703,77656,67819,68370,65701,203.34,65778,101958,70599,63375,71608,223.41,42318,52792,38176,37937,34370,289.98,29252,67798,136349,110357,93152,204.01,50728,43629,40564,45528,43978,41.17,40904,57184,44167,40441,36104,46.54,29993,35555,32833,33577,31692,116.19,41157,74929,66407,82022,77969,155.05,70874,49262,51411,64867,57522,19.62,53593,52841,41194,57465,53222,73.62,46260,71599,43445,40823,37436,80.43,34922,56814,41529,45568,42418,156.97,42554,81187,63014,64311,69992,92.72,51874,39313,28506,34224,30953,127.10,31822,50135,48522,60371,58499,17.73,58940,29176,28319,31305,32519,49660,29696,56901,97580,121218,107203,127.08,99867,57749,139561,127483,114348,15.72,116342,57267,54156,56930,51237,6.12,61901, , , ,74894, , ,38784,25170,25051,22248,429.06,22416,36347,28661,38802,34600,5330,34686,72863,59140,104479,94016,29300,107513,75407,58637,67024,56530,9650,67979,75599,83866,92366,95652,1890,135709,72265,98629,84518,83451,0.4970,105032,21216,20814,24317,22895,21280,28702, ,83852,110746,93338, , ,60786,49769,56045,56606,3.87,68199,45235,109720,93047,84405,5.30,89428,78867,125787,116701,109964,3.97,128324,48136,54128,98530,80698,101.41,67681,67550,82041,91350,101599,8260,103268,82907,57470,62232,56902,16.71,65679,83347,75569,80481,83621,7.14,97591,53589,46217,58508,60433,6280,81920,64603,86481,102285,92969,33100,103988,60129,56291,64020,62308,270100,61163,47857,34060,34503,31548,329.60,28657,63612,88399,108033,98770,2.09,163370,72114,60664,75374,97274,0.9200,118098,68876,74251,78348,97108,1.92,133948,86502,71606,79836,74639,130.15,94680,33020,28387,39206,36353,19.97,30914,71214,80239,90982,93458,15.73,94203,84269,83360,90643,98844,348800,111744,59511,73668,81886,76910,4910,119026,76511,66455,79582,80877,20.26,92793
Tue,2022-05-03,78287,62929,65794,67977,909.25,66249,42282,31333,32336,31033,159.48,33068,69550,57869,63547,63997,91.13,65617,89127,57308,54303,50026,2485.07,41400,80976,66797,68421,65368,196.02,71247,108526,68964,62443,71017,212.03,47930,51691,37244,37851,34352,281.78,33280,67002,135741,110139,93031,199.87,56773,41660,39531,44888,44795,39.94,45333,53326,42922,39759,35697,45.06,34086,32260,31761,33021,31411,113.55,43984,72182,64562,82519,77765,146.54,82842,51880,51731,65651,57396,19.13,57711,52886,41863,57324,52948,71.26,51109,66301,41647,39938,36961,77.66,39754,52171,41056,45168,42254,153.58,46140,86995,62627,64269,69848,90.71,57015,32924,26662,33411,30423,123.03,32551,48136,49262,61779,58458,17.49,62187,29815,28490,31461,32572,49290,33287,43793,104832,120784,106878,120.43,102389,57166,145352,127878,114793,15.51,119328,54830,52421,56399,50846,5.88,65581, , , ,74894, , ,33832,23459,24401,21732,416.38,25475,35183,28508,38911,34458,5230,37231,71299,59100,104064,93557,27800,103867,72573,57142,66816,56066,9280,74209,67504,80910,90861,94803,1760,123102,72854,99025,84518,83393,0.4850,122719,13111,20250,24186,22690,20830,29992, ,83852,109366,93234, , ,60565,50364,57958,56460,3.77,74192,46298,109480,93071,84434,5.18,90439,98049,125255,117299,110055,3.81,110604,57239,54436,98687,80694,100.38,69403,69469,80801,91200,101366,7930,106738,82489,56445,61989,56695,16.26,71962,62463,66342,76150,81584,6.40,100356,55769,44021,57831,60100,6040,88084,61173,85422,103273,92778,31900,239351,55373,56037,64159,62458,261700,65479,43742,32397,34106,31091,318.82,34392,63679,88056,108396,98661,2.05,156315,72406,57436,74805,96727,0.8620,138082,53049,69088,76685,96528,1.78,135122,84592,68827,78760,74118,123.56,101542,34038,25407,38211,35708,19.17,36374,82767,78998,91365,93213,15.08,99823,83585,81068,90272,98290,331000,116599,60614,73130,82236,76636,4750,113224,82392,65429,80239,80847,19.60,98694
Mon,2022-05-02,80816,67210,66568,68699,902.94,67051,41448,31879,32488,30987,157.96,34870,70000,57458,63574,64360,89.84,67262,88141,57998,54371,50042,2490.00,42753,81330,66662,68419,65650,195.33,73324,118254,69352,62624,71004,211.13,49077,51539,37599,37791,34335,284.47,34470,233663,136206,110208,93042,199.46,57849,32627,38199,44534,44328,38.45,46706,53421,43471,39798,35899,44.96,34531,39972,32137,33205,31406,113.50,45589,69486,67008,82211,77718,142.08,84995,48073,51667,65591,57196,18.56,61234,52692,41877,57230,52947,70.60,52422,61085,40342,39522,36638,75.55,41463,41915,40574,45435,41897,148.61,49105,97927,63585,64253,69932,91.53,60763,29066,26648,32877,30172,120.45,34187,46464,49152,61996,58498,17.35,64233,27251,28190,31531,32485,48340,38391,39703,132171,120961,108238,119.57,102227,62893,151746,129189,115593,15.26,118722,55781,54977,56905,51038,5.86,66668, , , ,74355, , ,33342,23755,24479,21730,414.48,27345,36348,28159,39055,34503,5130,40047,71576,60435,104369,93761,28200,104227,70460,56788,68826,55769,9010,77937,82289,86218,91702,95041,1770,120385,76371,103585,87115,83524,0.4820,110354,14156,20679,24294,22983,20870,30029, ,83189,107734,92674,16580, ,59389,49683,58759,56271,3.68,77095,59771,111362,93633,85122,5.23,91392,100989,125396,117294,109936,3.62,117128,64509,63455,99347,80697,101.21,71902,81216,81548,92678,101469,7890,107337,73505,55154,60870,56416,15.57,68186,67428,66518,79046,82288,6.33,98634,44864,42043,57422,59913,5810,89213,68088,86240,103640,93434,31500,110617,53096,55947,64155,62516,259200,68161,43554,33119,34163,31154,318.48,34333,65936,90646,108925,99017,2.08,137707,70647,60385,75174,96908,0.8430,122766,53396,69058,76607,96606,1.83,139559,81515,70937,79738,75059,121.34,104935,30898,25268,38551,35871,18.87,35955,92303,79848,93038,93568,14.99,98539,104164,85563,90296,98641,326800,116402,61699,73436,82992,77384,4850,105521,80007,66823,80271,86678,19.06,100457
Fri,2022-04-29,78462,66476,66257,68481,870.76,70030,42730,32006,32534,31218,157.65,37360,65835,55414,62439,63760,85.52,70776,93132,57993,54393,50038,2485.63,44531,74264,64162,67530,65025,185.47,76295,115562,67766,61470,70557,200.47,49814,50461,36695,37388,34064,277.52,36427,231474,134565,109463,92588,190.36,58076,38983,38356,44312,44237,37.91,48147,52603,42270,41053,35578,43.59,36842,44649,31326,32795,31407,111.63,46721,57925,64197,81151,77064,134.41,84640,57931,53212,65698,57244,18.77,61081,50079,40235,56769,52609,68.19,54268,61690,39805,41359,36582,74.55,41729,51428,41427,45539,41957,148.84,48104,96276,62308,63520,69806,87.93,62064,31933,26292,32792,30139,119.36,35435,56190,49611,61984,59167,17.30,64396,30908,27990,31387,32413,49070,38346,65807,131381,120561,108078,125.07,99781,78879,151754,129769,115862,15.30,119156,55162,54532,56816,50832,5.72,67273, , , ,73863, , ,35088,23622,24456,21707,412.00,28630,36654,27571,38791,34372,5040,46573,69951,58175,104279,93407,26900,104193,69527,57498,68649,55657,8850,78090,96947,85112,92206,94764,1700,116364,78541,103371,87798,83560,0.4690,121942,15944,21108,24264,22948,21040,29082, ,105199,110643,92761, , ,60172,49861,58792,56285,3.71,70366,50685,110731,93341,84736,4.98,90896,81394,119698,114678,108216,3.23,118153,62115,63350,99224,80379,97.09,73735,86899,79548,93142,101288,7490,109770,68212,54190,60270,56368,15.13,67403,68647,64985,79298,82116,6.12,97974,46937,42607,57715,60502,5860,86846,61497,84607,103771,93220,30100,124530,54272,57397,64155,62480,254900,70092,44711,32544,33973,31021,313.25,36196,64273,89927,108807,99120,2.18,128051,60888,57492,74658,96985,0.8000,132443,73441,69122,76598,96872,1.85,153701,69796,66434,77326,73865,112.71,111410,35073,25234,38808,35876,18.84,36880,80092,74295,105776,92923,13.68,101336,95169,83434,90631,98838,306500,117959,64809,73670,83818,77487,4800,116010,79865,63935,79794,86214,18.08,100555
Thu,2022-04-28,80697,67472,67320,68833,877.51,67697,38042,30642,31785,31171,163.64,37701,62486,54673,62411,63824,89.64,66462,51931,38579,42278,44054,2891.93,46754,71449,66153,68271,65653,197.82,71441,114949,68578,61924,70547,205.73,46440,43781,34993,36716,33706,289.63,32081,233217,135126,109252,92561,199.52,55458,39275,39174,44593,44464,38.75,45020,37042,36517,37723,34070,46.84,42428,43629,30646,32440,31054,115.29,43546,60114,65783,80471,77424,142.52,79898,56129,51896,65637,56958,19.43,57464,48702,39670,56688,52876,70.18,51201,60925,38526,40873,36140,77.73,39249,50844,41118,45246,41722,154.22,43259,94454,64446,63643,69827,92.09,57376,30933,24926,32424,29884,123.34,30909,55851,49281,62207,58974,17.83,63142,29900,26966,30873,32088,50510,34846,70612,130824,120655,108485,129.31,98813,79259,152082,129936,116601,15.64,116335,55141,55265,57384,50978,5.88,63714, , ,59313,73419, , ,29767,21154,23418,21161,427.81,22471,32067,25984,38748,34582,4900,51808,76484,65256,108169,94015,27100,104465,69847,59246,68682,55888,8970,75589,98992,84972,93271,94816,1780,127939,69778,101501,86720,82959,0.5060,117197,20111,20855,24011,22769,21420,27769, ,102265,109039,92293,16590, ,60156,49704,59420,56327,3.69,70708,53376,110694,94414,84894,5.11,90207,83132,122015,115669,109578,3.15,113822,49086,64462,97818,79655,90.91,72697,86312,79953,95495,101676,7900,109199,69934,55128,60509,56426,15.34,65889,65263,73051,79906,82504,6.45,95886,40828,40079,57276,59918,6220,85060,62732,86069,104272,93383,31100,299321,44319,52989,62138,61518,274400,67078,38667,30581,33043,30620,328.01,37192,63859,90489,108940,99548,2.26,153677,64399,59799,75698,98533,0.8380,121112,69729,74327,75817,97635,1.96,168339,60884,65793,77096,74370,122.69,96632,34952,25075,38781,36225,19.13,36078,80156,75275,105922,92959,14.10,101757,94817,86623,90409,98871,321100,115453,61208,73778,83645,77412,5020,96631,78744,65027,79548,86053,18.89,98605
Wed,2022-04-27,81514,68324,67317,68835,881.51,66983,29316,27596,29952,30523,156.57,41976,55385,51651,61076,63284,84.91,70248,42468,36755,40896,43424,2763.34,49371,54559,61743,65815,64525,184.15,74823,57674,47218,48755,65416,174.95,78695,45091,34280,36316,33534,283.22,34281,223825,134243,107995,92014,188.54,60485,39117,39123,44811,44463,38.66,47011,34784,35022,36779,34056,45.22,45265,42752,30956,32631,31445,115.21,44684,59296,65754,80481,80609,142.43,80059,54628,51580,65409,58127,18.97,60246,38410,35576,54893,52115,66.47,53887,61459,38817,40941,36613,78.21,40606,50498,41287,45322,42209,154.46,48223,60231,55597,58540,67245,82.61,82979,29021,24709,32108,29826,121.42,33998,52708,48634,62186,60195,17.41,67065,27473,27669,30674,33096,49740,36180,70925,130718,120713,108582,129.84,97884,79502,152022,129962,116595,15.85,115578,39922,54326,56025,50288,5.60,66269, , ,73746,73288, , ,24935,20028,22624,20843,417.27,26495,31800,25085,39694,34322,5040,52750,69649,64461,108258,93780,26100,109058,66545,58422,68617,55629,8690,78878,93212,86106,93044,95896,1700,130419,89023,101324,86615,82766,0.5280,122028,19953,21184,24169,22791,21490,27396, ,104077,108897,92310, , ,44522,47837,59261,55235,3.47,75123,53069,110615,94264,84914,5.01,91491,87057,124467,115681,109556,3.13,128274,48647,64814,97462,81194,88.32,76009,83119,87625,96344,101635,7710,112877,65146,55010,64627,56359,15.11,66744,55762,72443,79567,82289,6.15,103145,38866,48019,57217,60206,6160,85012,61943,94427,104038,93385,30200,109275,45329,54856,62121,61534,274400,70930,31945,28753,31909,30073,316.76,35091,66520,97257,108640,99407,2.19,193941,59420,61068,75988,99047,0.8150,122207,76217,76351,75975,97963,2.01,228922,61191,66736,77059,74356,122.55,97269,34007,25423,38771,36277,19.05,38023,77566,76138,105852,93923,13.87,105532,79557,91975,112155,98238,303600,123702,60766,73342,83275,77478,4870,109357,72779,64900,78630,85896,18.07,99578
Tue,2022-04-26,85568,69639,68396,69623,876.42,69697,32263,28950,30496,30579,156.80,43117,59861,55105,63073,63613,85.16,72939,48734,38769,40949,43453,2787.82,50785,61513,65488,69294,64814,187.88,75891,58919,50059,48479,65263,180.95,75124,37171,31947,34827,32719,270.22,45546,228662,135156,108112,91811,198.40,58611,37596,40896,45116,44422,38.04,55864,35671,37039,37024,34050,45.52,46536,44908,32702,33420,31450,115.77,46704,73431,77690,81482,80668,145.79,79304,77197,53809,67779,58631,18.77,62924,39283,44999,57448,52147,67.08,55907,62174,39239,42032,36540,80.59,41217,43819,38396,43178,40447,167.04,50566,59657,60610,58674,67257,83.70,78292,32470,28449,32358,29886,123.02,35303,63434,53271,64234,60529,17.50,69933,24722,27622,30487,33229,49030,37258,75217,131159,121858,108819,127.60,98538,88247,152615,131751,116652,15.50,115114,46623,59367,56942,50523,5.70,66635, , ,79330,72781, , ,26385,21193,22957,20873,416.10,29438,32973,26733,40366,34356,5090,45196,74421,69446,108714,93945,26800,111434,66470,58472,69071,55550,8910,78709,95391,98915,101591,95934,1720,121053,86537,100485,85799,82669,0.5010,120498,23489,21235,24552,22787,21650,27011, ,104077,109843,92039,17290, ,49626,56340,60542,55262,3.52,69130,61247,112309,95595,85428,5.07,92459,79810,123941,118667,109757,2.99,113230,32244,114621,97032,81847,83.99,76076,87747,91040,116436,101860,7790,112426,67728,64930,65413,56541,15.39,69366,59963,74224,80802,83027,6.29,103044,42351,48629,57583,60642,6260,81998,66400,103581,106019,93658,30700,170979,47625,54856,63442,61347,265600,71941,35676,31024,32507,30180,317.14,36002,66493,100967,111673,99455,2.25,160350,66924,63799,80055,99512,0.8020,142090,75746,85695,78604,99095,1.97,148512,68120,74249,78898,74877,127.15,97536,34072,26536,40294,36540,18.82,38255,80504,86482,107350,95074,13.96,103800,92625,96265,113785,98127,317600,122357,60928,74027,83913,79273,4990,111960,75245,68657,79486,85747,17.64,106106
Mon,2022-04-25,48660,57225,61294,66421,998.02,58447,27643,27639,29266,29969,162.88,37943,52301,56912,61726,62972,90.69,66819,42955,37968,39701,42832,2921.48,45206,56086,67867,68307,64394,199.02,68058,58391,49926,48011,65113,186.99,70590,31747,32108,33763,32180,280.72,39438,230250,135674,107828,91527,209.91,55149,28976,40011,44098,44779,39.82,50156,30427,35594,36233,33773,47.06,43916,43424,33893,32822,31556,119.95,43478,72338,77214,86128,80658,150.41,79204,63708,54844,66157,58701,19.98,58366,32511,46019,56754,51850,70.12,51437,21019,22168,33948,32271,89.88,42636,34210,36047,41767,41397,175.91,47517,58887,60513,57876,67443,87.78,73387,29659,27743,31816,29790,126.77,30916,47478,50295,62326,60925,18.88,62538,24048,27601,30800,33572,48950,36112,69142,129405,121745,108396,135.95,98526,83534,150975,130805,116317,16.96,114287,37195,56636,55274,50187,6.08,63632, , ,77862,72282, , ,22193,20306,21981,20509,428.51,23538,32511,26134,40277,34578,5210,45446,64754,69823,108427,93257,28900,106396,62522,56609,68242,55441,9390,124323,93774,98684,101029,95672,1810,115408,82931,98732,86840,82501,0.5310,129473,26486,21203,24595,22758,21830,27211, ,111049,111142,92083, , ,48377,53139,58824,55188,3.76,66896,59865,111643,95939,85387,5.30,92807,77713,122997,117856,109594,3.19,120131,32207,114473,96980,81794,85.84,74271,82238,91385,115702,101436,8330,110443,67556,64688,64800,56271,16.09,67339,59121,74626,80680,82896,6.55,101748,41286,47548,57170,60339,6500,83215,58248,102394,104485,92897,33200,137345,46635,53074,62753,60963,277400,70939,30385,30222,31351,29621,329.58,30987,61852,100675,110884,98997,2.40,132894,60136,69556,78938,99333,0.8600,115317,78431,87259,79990,99543,2.04,149157,63459,72675,77982,74497,135.14,94547,32550,25900,39778,36296,19.35,35376,78443,87131,107337,94837,14.68,99152,87088,93618,112892,97649,346100,117632,58458,76670,83661,79173,5180,102490,62080,63952,78630,85028,19.33,97530
Fri,2022-04-22,56149,58703,62487,66788,1005.05,57566,29787,28987,29560,29952,161.79,38124,49184,56171,65446,63360,88.14,66671,42787,38622,40413,42858,2887.00,45239,56969,68211,70028,64505,195.15,66209,55249,49716,48459,65321,184.11,70552,33477,31495,33663,31903,274.03,41589,230427,135684,107935,91601,215.52,57503,32195,40284,44501,44791,39.84,49896,30264,36862,36591,33775,46.54,43818,41047,33918,32666,31574,118.27,44053,56104,78395,84530,81947,140.34,79754,61402,54445,67687,60273,20.18,56232,31566,48124,56676,51874,69.41,51489,20335,21969,34118,32409,89.07,41394,34021,36025,42196,42157,176.92,46416,53091,60111,57864,67398,86.03,74827,29529,27931,31873,29794,126.81,30153,47715,50360,63154,62107,18.84,61859,17876,29689,30538,33581,48130,36247,69312,141110,121700,109233,138.22,91588,83489,151938,130677,119299,16.52,115485,36301,58575,55519,51291,6.06,62085, , ,77862,73332, , ,22703,20395,22373,20555,426.04,25498,31779,28739,40343,34515,5140,43619,57326,82322,108462,94320,27700,107420,39133,53327,65285,53686,8670,75917,88891,99020,101676,96688,1730,115754,81879,98760,95589,83833,0.5210,124781,26848,22065,24432,22806,22310,26487,104723,112396,109780,96171,17420, ,43253,54215,58313,54889,3.65,68106,57671,113252,96003,86367,5.24,91946,59660,126540,118015,109293,2.99,116636,31498,119298,96993,82008,86.49,71366,77611,93524,115773,101728,7990,106792,69365,66907,64841,56755,16.15,66653,53151,76707,80261,82945,6.39,100444,39753,53404,57133,61435,6440,76162,50634,107875,104912,93858,32200,111426,42396,52144,66694,60804,289500,68597,30306,30612,31984,29632,325.40,33025,49613,101207,110331,100191,2.30,134316,60556,72947,80886,99432,0.8720,120452,80715,87144,79966,100450,2.01,132698,59833,72932,78191,74890,131.52,92962,32077,28026,40293,36617,19.35,36461,74842,87280,106857,95624,14.03,98980,89107,95581,113019,98776,343500,116725,51773,80639,83189,79079,4950,103163,61027,66048,80199,85055,19.11,100155
Thu,2022-04-21,58188,61378,62910,66800,1008.78,55564,26913,28627,29362,30023,166.42,32605,49540,56203,66305,63377,89.85,62573,42051,37832,40082,42720,2965.92,43036,58386,67912,70026,64391,201.83,60793,56102,50722,48390,65523,188.07,71287,32403,31184,33834,31800,280.81,36889,230137,136004,107938,91673,218.22,58525,29738,39857,44330,44963,40.71,46861,28750,36739,36616,33715,47.50,40165,40232,33229,33354,31418,121.66,42012,57048,77922,84427,82084,144.50,74160,64659,54806,67689,60275,20.22,53196,30673,49073,57209,51914,70.92,48526,10812,20414,33520,32563,91.72,38204,32555,35528,42157,42008,181.02,42659,53080,59388,57702,67216,89.40,73519,28240,27386,31330,29543,130.56,27141,44707,49760,62738,62039,19.51,57283,19315,29879,30441,33700,49110,34349,69472,143571,121612,109263,141.56,88449,91118,153386,130669,119897,16.85,113669,37342,59714,55602,51479,6.16,59072, , ,76708,73332, , ,18245,18900,21851,20310,438.06,20334,29907,27683,40231,34292,5270,41432,56387,81624,108809,94212,28800,104064,24984,51114,64466,52868,9240,70468,87763,101784,101514,96867,1810,110022,80240,99470,95388,83739,0.5060,123627,24504,21305,23918,22541,22790,26230, ,97836,106772,89662, , ,42345,53971,58244,54762,3.76,67011,56490,114005,96078,86366,5.24,89417,57432,127131,117996,109267,2.97,114633,28703,121054,96986,82113,85.99,72872,78424,94376,116011,101731,7990,103033,33876,60670,58331,53095,18.32,57854,53095,80676,80331,83420,6.60,93035,40896,54140,56980,61331,6600,72965,56650,113650,105146,93859,32400,109606,42226,52173,66375,60835,295800,69332,28493,30204,31843,29434,334.15,29330,41470,104054,110479,100009,2.23,128294,56673,73061,80340,99213,0.8430,126314,76267,85951,79042,100097,2.13,131581,58876,75213,78272,74684,137.32,89139,31873,27954,40553,36604,19.68,34563,76754,90586,106892,95608,14.36,96227,88618,96779,113018,98792,346100,118161,39636,78902,82778,79188,4710,101250,61453,67470,80328,85155,19.55,95608
Wed,2022-04-20,54859,61521,62549,67096,977.20,63424,27062,29888,29428,30207,167.23,30971,46742,56005,66448,63575,94.02,59083,37727,39052,39176,42410,3079.96,40161,52649,65582,70417,64498,214.82,57199,49567,47193,48057,64919,200.42,60316,32337,30776,34011,31877,286.36,33221,230904,135915,108113,91595,226.19,58827,28305,39299,44591,44837,41.72,43511,27724,37076,36896,33901,48.11,39042,39253,32630,34070,31218,124.57,40057,57737,77286,85520,84250,150.12,72023,67726,54527,67436,59987,19.48,56134,25824,50210,58020,51974,73.20,45855,11568,20389,33500,32572,91.40,36799,31428,35252,42237,41957,183.55,41390,51093,56947,56682,66673,94.90,64843,27953,27518,31366,29530,131.58,25414,45097,49971,63154,62055,19.62,53787,35450,29727,30322,33979,49750,32830,68145,143378,122006,109021,148.85,88588,91314,153322,134672,119868,17.34,110437,33860,59435,55084,51174,6.41,55437, , ,75374,73462, , ,16964,18322,21874,20275,444.71,18325,29851,27731,40330,34313,5330,41636,52901,80075,108349,94344,30400,104423,25437,51920,64702,52884,9290,70151,87234,101186,102992,96737,1890,106518,86564,98782,99206,83641,0.5260,122757,20737,20644,23334,22320,23280,26655, ,101323,105509,94017, , ,42648,53740,58157,54726,3.85,64062,74103,113689,98994,86357,5.41,87467,51542,125630,119206,108743,3.21,102591,27556,122963,97246,81930,89.41,65919,74784,93497,115992,101526,8420,101997,24340,59360,57981,52460,19.34,57274,58324,80505,81501,83221,6.95,89260,27097,50701,56396,60324,7070,71788,54884,113756,106243,93934,32600,110603,39805,54262,66142,61093,305600,64787,27377,29705,31950,29505,341.21,25709,43165,103235,111722,99840,2.33,119015,51893,71820,85287,98885,0.8950,111984,64102,83251,78178,99430,2.30,131147,51653,73284,77418,74660,147.13,80389,20964,24054,39518,35803,20.69,29803,68050,87714,106683,94927,15.56,89870,86549,97210,115000,99077,367500,110847,38848,78342,82898,79723,4890,97424,54492,65976,80248,85490,20.87,93028
Tue,2022-04-19,52890,59989,61423,66782,1028.15,54825,28267,31515,29759,30671,167.40,29343,46668,57942,66909,63481,96.93,57250,39137,38372,39054,42340,3162.31,38409,57713,68081,70192,64545,221.98,54575,32524,41579,44585,63799,217.31,48851,36050,33602,34128,32086,285.30,32390,33784,44687,43602,60268,348.61,60897,40103,42044,44851,45082,42.08,42944,28600,37069,37012,34045,47.93,38519,27540,28214,31576,30052,131.90,35372,62115,82125,86037,89965,152.72,71946,70370,55982,68542,61841,19.59,54156,25938,51051,58797,52209,72.73,44543,11010,22767,33503,33309,91.90,35892,33154,35807,42224,42842,185.98,40088,34584,52725,53197,65328,103.66,57704,28822,29975,31740,29874,131.12,25526,58429,54948,64108,64845,19.91,53231,40856,30610,30954,35323,50180,32744,68365,142962,124712,109342,152.47,91755,86070,151471,135255,119445,18.68,113171,31997,61089,54585,51024,6.64,55761, ,61420,74226,73462, , ,17736,19783,21961,20593,445.04,20156,26530,29380,39880,34575,5200,41941,52918,81463,108961,94364,30300,100700,44165,52238,64909,52861,9250,71578,76467,97606,100825,95653,2080,104988,83855,97715,98289,83318,0.5560,136916,20935,22060,23386,22562,23240,27534,67510,112462,104648,94017, , ,43252,54594,59407,54717,3.95,61339,76242,111827,97920,85730,5.83,90501,54027,126574,120063,108973,3.35,105740,24377,122827,97989,81722,93.50,65077,64682,90319,114254,100683,9190,97092,24060,59341,59377,52467,19.66,53820,54616,79244,81207,82745,7.41,85950,35292,51269,56510,61469,7140,69414,73366,112373,105682,93651,34700,109301,44394,54106,66072,61319,314300,62972,28563,31058,31907,29567,346.26,27757,46872,104908,111302,99714,2.44,123208,52073,75928,85494,98938,0.9090,101277,78436,85199,78074,99795,2.34,131590,57091,79559,77419,74676,151.27,79360,20082,23512,39230,35755,21.06,29953,65934,84737,105537,94232,16.88,86386,63529,90623,111580,97065,420000,99951,40551,90383,83559,79652,5040,98308,55129,67211,80272,85456,21.41,90243
Mon,2022-04-18,53713,60011,61392,66674,1004.29,56700,26595,31555,29572,30594,165.07,31194,40078,57583,66362,63855,93.89,58107,32796,37553,38218,41939,3055.70,38861,56092,67890,70158,64658,217.83,56357,23229,40931,45540,63593,210.77,49464,32312,33428,34041,31944,280.52,33590,24303,44261,43015,59989,337.86,59288,40579,40828,43937,44653,40.63,44399,25114,36125,36460,33819,46.64,39319,19255,26684,30612,29563,127.77,36351,69135,82048,86071,89960,154.75,74535,66510,55700,68311,61182,18.54,57106,28054,50933,58523,52097,71.15,46028,13433,24144,33327,33188,90.40,37609,35891,35330,41915,42485,179.85,42121,23468,52166,53188,65078,100.58,58930,26609,29420,31290,29649,128.46,27420,53984,53952,65671,64429,19.04,56596,36617,29007,30081,34928,51840,32441,72183,141882,123728,108593,141.46,94021,80394,150350,134679,118832,17.48,117933,28542,60835,54433,50905,6.50,57537, , , , , , ,15040,19526,21641,20421,437.97,20577,21396,30912,39585,34438,5100,43344,44504,90876,108650,94103,29100,98998,46498,53682,65410,53005,9210,71732,52059,93798,98531,94332,1900,111675,77488,97358,98675,83068,0.5360,137176,14270,22769,22890,22139,23870,29209, , , , , , ,46568,55263,59346,54820,3.91,60326,75089,112165,97902,85950,5.74,90751,36964,127158,120080,108802,3.23,108467,31259,122819,98889,81808,94.71,61065,61859,88141,113611,99932,8560,95713,26085,60549,59401,52467,19.63,54520,44886,78104,80428,82611,7.13,88703,32964,56600,56926,61465,7100,68799,65282,113556,105672,93596,34200,109315,41983,62487,66023,61246,307600,65010,24783,30507,31502,29326,338.69,28248,47196,105261,111334,99770,2.43,115398,55061,76037,88536,99039,0.9130,116824,69376,83526,76764,99266,2.19,131195,53172,78450,78004,74262,145.16,81487,13134,30349,39059,35581,20.63,32123,57299,83604,104634,93756,15.98,89537,57439,90335,111258,97942,408500,103560,35683,89939,83101,80381,4870,95696,45217,66687,79226,84887,20.32,93633
Fri,2022-04-15, , , , , , , , , , , , , , , , , , , , , , , , , , , , , , , , , , , , , , , , , , , , , , , , , , , , , , , , , , , , , , , , , , , , , , , , , , , , , , , , , , , , , , , , , , , , , , , , , , , , , , , , , , , , , , , , , , , , , , , , , , , , , , , , , , , , , , , , , , , , , , , , , , , , , , , , , , , , , , , , , , , , , , , , , , , , , , , , , , , , , , , , , , , , , , , , , , , , , , , , , , , , , , , , , , , , , , , , , , , , , , , , , , , , , , , , , , , , , , , , , , , , , , , , , , , , , , , , , , , , , , , , , , , , , , , , , , , , , , , , , , , , , , , , , , , , , , , , , , , , , , , , , , , , , , , , 
Thu,2022-04-14,63412,61619,61753,66921,985.00,55241,31655,32444,29576,30595,165.29,31257,43259,59237,66758,63847,93.06,58111,38276,41797,48200,41919,3034.13,38277,55969,70797,70003,64494,212.58,55268,35620,45859,45524,63589,210.18,48808,35560,35365,34259,31944,279.83,34022,42080,45166,43134,59987,341.13,56087,39641,44803,44286,44606,40.13,44318,25604,35543,36120,33711,45.67,39465,20578,30280,30513,29556,130.47,34686,61373,82843,84670,89444,165.49,71206,64642,69075,68058,61069,19.00,54175,29522,55562,58405,52133,70.13,44372,13458,27616,33381,33234,90.83,36466,36059,40755,41870,42455,181.94,40798,42178,55704,53280,65055,102.31,57149,23252,31070,31608,29760,126.12,27019,52746,62665,65524,64300,19.56,53324,34293,28257,29596,34699,53120,31274,72473,145366,122730,110593,150.77,85502,82277,152445,134614,118988,18.02,115154,38342,60873,54242,50777,6.68,56649, ,59338,72571,72848,23780, ,16495,21676,21673,20423,437.79,19394,23040,36040,39585,34463,5110,42744,46714,100481,107758,93632,31100,101227,59736,67210,65390,52963,9390,73068,80244,92970,97730,94010,2020,109209,74888,98923,100744,83132,0.5310,138674,15138,22594,22835,22323,23640,28590,69444,108542,101107,92593,20000, ,50608,55292,59411,54797,3.89,94470,75226,111357,97999,85688,6.02,85938,75177,127266,119903,108696,3.38,249317,56832,122923,98893,81859,95.49,59954,71701,89048,113912,99703,8990,94542,43125,60655,59688,52556,19.58,53180,62527,78538,80872,82882,7.26,89132,47860,56453,56910,61477,7220,65880,111098,112915,105849,93403,35700,102530,42221,62436,65962,61240,308400,64085,29285,32669,31657,29327,338.43,27173,110970,105436,111965,99801,2.51,115174,59934,74598,88454,98795,0.9720,110016,73724,84944,77740,99266,2.20,121727,60757,78733,79904,74285,147.29,77359,19858,31000,39024,35608,20.78,32890,76927,92255,105673,93913,16.49,88654,79760,89948,111871,98018,423600,99956,92071,89667,83561,80394,4990,174013,52101,66579,79224,84985,21.01,89540
Wed,2022-04-13,61799,60224,61216,66734,1022.37,56674,27967,31578,29001,30181,170.40,29051,38607,58295,66083,63480,97.74,57925,37304,41331,51531,41978,3110.82,37687,54896,70317,70324,64331,222.03,53538,35582,45520,83446,63536,214.99,48696,34846,34955,34874,31696,287.62,31818,40918,44767,44565,60010,350.43,56197,39856,47775,44280,45088,40.22,44324,25834,34549,35973,33415,47.01,38475,19937,31525,30619,29486,132.35,34355,62526,83321,84840,90198,169.66,73000,64695,73413,68322,61139,18.95,55722,27576,60031,58378,51938,72.38,44876,15096,29766,33392,33288,90.75,36607,36066,42775,41871,42557,182.87,41275,43060,55213,54817,65010,105.17,56182,23235,31998,31598,29987,127.30,27366,52718,65444,65750,64309,19.51,54084,34486,28549,29666,34720,53100,32260,72202,146812,122777,111421,150.70,89572,83572,154519,134736,118978,18.53,119780,65245,61497,55637,50896,6.85,58267, ,59225,72596,73441, , ,15901,21472,22164,20334,443.31,18534,23898,36511,40278,34383,5250,42621,46935,103226,109247,93999,31500,101375,59938,67807,65545,52893,9600,74176,78351,92428,100319,93887,2120,106626,58133,92893,97202,81732,0.5930,130021,15444,22976,22978,22514,23750,28296,69704,108676,100744,92939,19300, ,50544,57297,61555,55895,3.98,91221,71913,109963,97740,85347,6.42,88777,74087,128835,119600,108488,3.59,87275,55391,122214,98440,81649,100.03,57043,72693,90440,116333,99696,9120,95769,39530,63302,60500,52442,20.31,50808,61816,79588,80941,83513,7.61,90996,45147,55325,56570,61177,7500,68199,109714,111131,105332,92908,38200,101063,37600,61096,65127,61018,320200,64150,27771,32202,32617,29163,346.35,25287,108950,103773,110998,99148,2.71,124828,59708,76218,88427,98724,10100,109074,66653,82051,78568,99719,2.36,121368,59284,80163,79479,74332,154.79,73665,19954,30844,39424,35744,21.03,34157,76988,92227,106379,93998,16.75,89149,73670,90448,112726,99124,449700,100256,91070,91139,84151,83423,5160,127335,49855,65050,78741,85463,22.05,86886
Tue,2022-04-12,56623,61654,61111,66751,986.95,58890,26438,31224,28788,30190,167.66,31511,47834,59277,66875,63274,95.10,61537,30696,41206,51042,41638,3015.75,41247,44468,69709,70140,64472,215.04,56968,36827,46224,83537,63640,214.14,51156,30920,34578,34742,31527,282.06,34231,38087,45214,46211,59872,344.10,57464,40762,48389,44226,45070,40.04,47096,28436,34798,35982,33366,46.50,40652,21047,31289,30575,29442,130.84,35238,49470,82786,83680,89958,159.50,74769,29388,68600,64282,58859,17.13,60345,26466,60938,59071,53387,71.96,47165,21799,30090,33317,33268,90.00,38333,26011,43185,40840,43111,176.28,43707,42491,56687,84107,65074,108.25,57242,22453,30666,30856,29626,131.54,32804,46071,64712,64515,63811,18.51,57398,35502,28526,29869,34778,53110,33528,65954,146909,125948,112140,144.87,98356,61591,153535,135702,118473,17.42,121548,62415,61322,56466,50759,6.70,58760, ,59225,71661,73080, , ,15053,21266,22117,20240,438.29,20695,21598,42482,40143,34303,5180,45563,39675,110451,109141,93958,30600,102708,59232,68038,65523,52881,9550,73192,81342,95790,102770,93911,2090,108467,45688,92790,96867,81470,0.5690,127596,15050,22740,22884,22489,23470,28656,78856,111499,100746,92931,19300, ,46584,58768,61925,61370,3.88,84166,65685,112158,97947,85161,6.23,92676,75966,129434,121502,108505,3.59,277123,63191,122576,98675,81703,99.75,61650,76385,98626,116344,99482,8820,96624,44548,63352,60751,52484,20.24,53649,56592,81601,82633,83394,7.48,91489,44150,56127,57934,61327,7430,70612,106959,111067,107892,92836,37500,93591,29361,63511,64865,60819,308000,64948,23329,31896,32306,28971,339.45,28815,108928,108936,112348,99118,2.77,119593,50599,76126,90316,98577,0.9660,118276,66268,82052,80738,99676,2.32,179205,49126,83068,79826,74264,149.85,78481,18647,32224,39383,35825,20.77,34021,74916,96104,107686,93888,16.41,92839,69730,91571,112094,99500,430000,100603,93100,93055,85154,83585,5070,120318,40765,68467,80006,89482,21.29,89749
Mon,2022-04-11,55161,61757,61086,66733,975.93,60847,24130,31633,28643,30469,165.75,32609,48008,60604,66981,63372,97.37,62722,30416,41244,51099,42208,3022.44,41000,44213,70328,70064,65815,219.17,57515,36775,46509,83753,63633,216.46,51799,31147,34950,34695,31517,285.26,34683,38963,45318,49201,59879,348.00,57291,40836,50192,44805,45356,40.33,46742,27886,37270,35992,33407,46.57,40683,20210,31584,30704,29477,130.65,34901,50563,82873,83827,90212,160.00,74902,27929,68566,64436,58947,16.97,60634,28876,66309,59095,53497,72.03,48453,21319,30720,34419,33314,89.67,38757,25699,43428,41967,43091,175.03,44542,42979,56500,84423,65160,109.81,57508,22377,31250,31127,29610,133.00,33543,46279,64772,65861,63868,18.54,58654,34388,30067,29692,34722,53930,33536,73272,146874,126027,112130,146.93,101356,78831,152035,135046,118143,18.72,127849,62982,61331,56487,50929,6.76,60052, ,59797,74048,73060, , ,15040,21912,22170,20245,439.92,20680,20155,42902,39970,34430,5290,43057,39516,110524,110506,96301,30900,90643,58861,69039,65404,52732,9840,79539,85790,97147,104426,94672,2140,93468,41871,93407,97053,82025,0.5640,136073,13443,22442,22751,22429,23150,28297,76644,114614,102194,92817, , ,37406,56265,61266,61723,4.13,57565,65698,111918,98289,87261,6.37,92514,81739,128749,120933,108683,3.78,174202,63783,122552,98697,83749,101.55,61419,73802,98582,117047,99507,8720,102881,44498,63936,61094,52650,20.56,54843,56733,82691,84182,83363,7.72,93262,45715,56359,58631,61332,7470,71277,109769,110557,107783,93212,38900,99925,28400,63522,66424,60806,304500,65800,23194,32296,32355,29033,340.89,29019,109789,109856,112794,99052,2.85,118770,49717,76257,92266,98869,0.9690,136001,68825,82668,86084,99644,2.26,113463,49278,82891,80327,74855,153.87,79361,17972,32424,39264,35846,21.01,35795,75088,95984,109018,93925,16.87,94332,73584,91890,112373,99543,440200,98528,93401,93173,85508,85171,5180,120419,40813,68423,80178,90998,21.70,93759
Fri,2022-04-08,51315,59596,64165,66471,1025.49,59044,25642,30811,28695,30257,170.09,29603,54505,64004,69324,63155,101.00,60415,30756,40989,51563,42083,3089.21,39056,47599,69434,70924,65466,231.19,53703,38696,47149,84262,63530,222.33,49261,28433,33018,33570,30881,296.97,31093,45979,45274,55106,59863,355.88,55269,48166,51146,45988,45486,39.35,45728,31490,37578,36335,33395,47.02,38657,27841,31864,31555,29478,131.87,31028,58983,83310,84993,90417,160.84,72976,38480,70417,65316,58815,16.59,58482,36198,66659,59804,53570,72.14,45712,28276,32256,34960,33370,89.74,36522,33681,45767,43658,43102,175.20,42810,51538,58386,85516,65446,111.21,55486,22847,33213,31335,29613,133.49,32066,49136,68370,66608,63860,18.34,57662,31975,30337,30081,34738,55170,33339,72764,147436,128136,112155,146.19,101643,72490,152080,135684,118012,18.24,125196,65957,61434,57532,51017,6.80,56912, ,58033,74119,72609, , ,15799,21775,22204,20064,447.57,17457,24846,43793,40573,34455,5370,43490,52005,110372,113099,96938,31400,93470,62490,70048,65542,53277,9700,72048,95471,97680,109303,94953,2100,105638,41809,93746,97702,82367,0.5600,134694,10819,25154,22577,22356,22820,25700,76644,112070,101289,92728,20170, ,41971,59642,62146,63858,4.11,57115,75093,112703,100099,87539,6.40,95819,194408,130865,128369,108836,3.83,129761,65613,122566,100872,83929,103.53,59190,107887,99032,120455,99522,8690,102743,53196,64051,62385,52738,20.37,52165,87082,82716,89076,83388,7.87,89660,48540,56728,60247,61618,7470,69474,133345,122378,113100,93399,39500,103245,32265,63917,66316,60769,307700,64725,25254,31809,32769,28802,349.15,25265,133563,110443,122063,99576,2.90,116465,52905,77364,93957,99065,0.9690,115323,84796,85107,86956,99798,2.19,105009,54381,82778,81457,74688,160.94,72578,19253,32402,40918,35824,21.23,34927,98762,95159,110040,93832,16.38,90813,79918,91762,116259,100284,431000,87662,106377,94149,90585,85416,5250,139491,67357,80699,82549,91286,21.67,86737
Thu,2022-04-07,65880,61698,63759,66602,1057.26,61788,25452,30546,32486,30192,172.14,29680,55746,64146,69313,63447,103.72,59389,35074,40450,51709,41956,3155.69,38590,49746,68130,70652,65094,242.08,52948,38931,47128,84542,63546,222.95,49732,31298,32740,34033,30859,301.37,30533,46536,45224,54990,59911,362.15,55692,47570,50749,45915,45359,38.72,46036,31546,37425,36273,33365,47.56,39069,27689,31851,32053,29485,131.87,31037,64380,83353,86491,90382,159.00,71924,38559,70224,65144,58838,16.95,58718,40230,66640,59749,53514,73.28,45536,29711,32275,35412,33717,89.46,37150,33386,46223,43555,43311,177.97,43084,52723,58229,86022,65517,113.04,56820,17606,34723,31086,29437,131.09,31912,57387,68910,66446,63973,18.74,58745,32014,31015,30350,34739,55160,35076,153075,147429,128171,112101,150.00,104752,236846,151398,134481,117459,19.73,138320,70990,61788,58471,51434,6.77,59165,97473,58999,75780,72727,23810, ,16528,21773,22884,20074,448.77,17832,23701,43911,40857,34393,5440,42582,55198,111786,112840,97680,32400,103993,69244,72532,65460,53234,9890,70855,97792,98636,109596,94971,2130,105384,41872,92774,97640,82155,0.5840,141252,15819,25273,22892,22424,22700,25697,77424,116980,107383,92657,21110, ,50615,59682,62161,64053,4.12,96301,78177,112626,100570,87536,6.48,100400,192990,132953,127664,108562,4.05,161179,67605,122786,101141,83970,104.27,61710,109791,99987,120260,99541,8990,93253,54677,63984,62171,52670,20.78,53149,89677,86166,88976,83651,8.12,91140,47329,57048,59472,61386,7740,70503,128687,119726,111450,92711,42600,99062,31788,63693,65964,60701,313900,64979,26693,31505,33365,28758,354.10,25599,127892,127898,120821,99445,3.12,106731,49490,76233,97750,98836,10200,103482,84781,84746,90147,99739,2.25,125956,76266,85857,81775,74581,166.19,72196,17568,37100,40755,35778,21.50,33535,98312,97195,110609,93609,17.20,88592,81136,91859,116172,101067,447300,86724,105940,93872,90531,92453,5390,111555,68276,86337,83189,98068,22.32,85008
Wed,2022-04-06,65907,61700,70195,66658,1045.76,60275,25557,30736,32502,30193,171.83,29984,55165,65400,71506,63451,103.67,60231,35605,40633,51674,41963,3175.12,37646,49579,68265,71188,65107,244.07,52659,39234,47244,84547,63662,223.30,50399,31005,32801,34089,30836,299.50,31416,45851,45021,57413,59886,368.35,54959,47437,51358,45875,45293,39.50,45527,31977,37954,39961,33365,47.54,38852,27966,31887,32195,29494,132.57,29960,72146,83529,86821,90295,154.62,72410,36404,70374,65231,58717,17.38,57392,40347,66945,60411,53514,73.78,45111,29809,34744,35425,33731,89.91,36454,33532,46592,43851,44256,178.72,43348,53549,60445,86040,65634,112.49,56995,19849,35691,31296,29437,131.49,31618,57120,69337,67817,63959,18.93,58368,22672,30504,28765,34076,52870,31281,154506,147635,130049,112072,156.64,109115,236147,150981,136143,117971,20.39,135740,72015,61546,59193,51375,6.92,58551,69254,55394,72659,71469,25820, ,16510,22636,22900,20054,446.52,18454,23705,43968,40836,34474,5410,41875,53723,111040,113109,98100,33600,94101,72481,74909,65494,53215,10060,68512,99286,98829,110041,95028,2210,106613,70793,89301,96877,82826,0.6320,139581,14743,25244,24193,22434,22570,26195,79994,114580,106860,92099,22620, ,52462,59435,63119,64006,4.23,85955,135940,107122,98086,85850,7.25,102676,196183,134928,130268,108445,4.22,122873,66490,122439,100929,83850,107.68,60594,110642,100092,121031,99538,9110,96270,55133,63905,62223,52599,21.20,51963,84841,84582,90316,83032,8.75,83988,48714,59753,59486,61659,7770,69689,128206,118610,113450,92528,44400,98327,31858,69161,66069,60888,310900,64350,26592,31804,33457,28752,353.26,26130,128669,128026,122683,99609,3.15,107466,48896,76013,104076,98789,10500,109058,92332,84575,92151,99864,2.29,111006,76107,85947,82515,74615,166.84,72073,17512,37461,40845,35779,21.76,33890,100052,97308,110946,93616,17.68,84118,89290,91614,118108,101053,458900,80842,112424,93456,92637,92358,5570,91910,69605,87130,89661,98105,22.99,84509
Tue,2022-04-05,59817,60534,69514,66460,1091.26,58574,26105,30359,32161,30085,175.06,28198,66756,67647,71192,63358,106.82,56529,30835,41099,51061,41718,3281.10,35986,69607,67647,69792,64403,259.31,47852,33230,47217,84272,63815,231.84,48624,23307,33820,33517,30344,310.88,27602,42292,47658,57097,60154,380.15,53270,44113,49694,44922,45007,41.42,43144,51777,40000,40031,33315,48.13,36909,26752,32413,32151,29381,135.62,28730,70472,92247,86186,90129,162.05,70829,33733,70066,65006,59108,17.84,55474,45420,67297,60506,53812,74.61,43493,30229,34742,35720,33752,90.10,35874,34002,46418,44981,44164,182.65,42323,47672,59724,85575,65594,117.65,51666,20713,36338,31292,29378,133.34,30527,39312,66836,66107,63252,20.22,53562,14251,30208,27891,33737,51240,29426,154409,149230,130159,112021,153.59,113197,235469,153942,135765,117895,21.21,134421,72367,62964,59078,51425,7.11,56669,55559,52197,71979,71729,26760, ,17491,22695,22775,20033,451.03,17129,20162,43518,40580,34333,5520,40976,54596,123545,113039,98047,34600,96504,58987,72495,63526,52028,10890,68173,97736,100473,109644,94808,2320,104557,140497,88861,97189,92088,0.6460,135531,17015,25711,24334,22385,22360,25594,77913,121660,107354,92221,23540, ,50124,59780,62832,63886,4.36,47016,171427,107452,98204,86966,7.03,113333,194310,133931,129294,108211,4.49,147327,65428,122109,101329,83743,111.00,61499,107513,103509,120351,99257,9610,91158,54989,64692,62525,52728,21.43,51500,82925,85461,89978,82869,9.12,76577,36881,60999,58165,61110,8190,69711,103346,111255,109171,90376,50400,87262,64749,66624,65628,60387,325400,62758,26359,32335,33042,28609,361.10,24097,128550,129574,121608,103645,3.38,113287,53496,82731,106061,99413,10600,100506,83286,81360,90809,99066,2.49,136375,75282,84889,81828,74234,177.17,66819,16415,42329,40674,35770,22.02,32117,91744,100692,110314,92987,19.05,79197,82949,93739,117475,101910,490300,77583,112150,97631,92390,92204,5800,105531,70255,88261,90294,98059,23.73,84283
Mon,2022-04-04,48763,63152,68545,65984,1145.45,61116,22406,30909,31938,29893,178.44,26403,64761,68684,71595,63590,110.53,54424,27304,41934,51272,41515,3366.93,34312,65257,66916,69473,64050,273.60,44941,34427,47559,84433,63812,233.89,46148,23826,34642,33994,30289,314.97,25960,40728,47499,58126,60129,391.50,51561,39492,48329,44135,45198,43.18,40984,50160,39289,39935,33136,49.20,35502,25895,32115,31796,31432,138.58,26792,66563,92469,85209,89622,172.54,69323,33651,71236,64776,59039,18.23,52570,46757,67136,60131,53464,77.67,40606,29036,34504,38148,33711,92.02,34181,26830,44565,43810,43587,191.18,38894,45872,59113,85417,65425,121.86,45259,20942,36425,31162,29251,135.91,27110,45013,68925,66088,63188,19.74,50353,15165,30619,28224,33934,50940,28101,150248,145376,127385,110834,170.73,119294,235977,151547,134122,117150,23.31,137842,72516,63577,59098,51417,7.06,55984,38956,49246,69969,70581, , ,17558,23063,22762,19930,456.80,14594,21468,43971,40611,34276,5590,39095,55913,121981,112796,97756,36500,91693,47022,71356,62292,51321,11540,66464,88321,97736,108537,95034,2500,103447,138301,88330,96831,92421,0.6710,149486,19271,26080,24184,22565,22630,26530,79158,121350,106922,91889,22600, ,47819,61593,61915,63390,4.60,70812,164886,106223,97295,86710,7.45,110055,191563,133530,128230,108026,4.80,134250,58665,121171,100512,83412,117.50,59261,92347,99188,118340,98526,10540,92191,50890,64523,62009,52581,22.16,50593,76148,83975,89173,84805,9.77,72707,36833,60428,58655,61053,8330,64087,94164,111975,108255,90648,53400,89828,64899,67689,65918,60505,324500,60865,24119,32608,33081,28393,369.30,21579,113010,127723,119636,108854,3.69,127003,52196,83194,117684,99148,11200,108346,77249,79982,102811,98715,2.65,106093,61266,81629,80100,73442,191.65,62224,19655,42441,41426,36041,22.08,30578,83689,99737,109462,92445,20.41,74941,82421,95034,118680,102059,500200,72702,107400,96708,91096,92113,6190,83403,64623,88374,90360,99121,25.21,79584
Fri,2022-04-01,55260,63665,67642,65751,1084.59,59900,21739,30836,31574,29880,174.31,26660,62899,68532,71517,64213,108.19,55020,25014,41604,50973,41454,3271.20,34953,64240,66829,69304,64231,267.12,46852,30746,46893,83958,63505,224.85,45317,23549,34356,33771,30236,309.42,27573,33330,46570,57374,59534,373.47,51063,41590,49415,44120,45237,42.96,41022,49964,38966,39551,32953,48.11,36672,25774,32338,31685,31352,137.00,26678,75862,92099,85128,89703,176.59,66898,34162,71676,64781,59236,18.24,53739,45598,66707,60022,53591,76.18,43327,29100,34820,38174,33854,92.49,33910,30594,46907,43815,43608,190.76,39173,42035,58003,84625,64937,116.67,43161,24980,36341,31133,29232,135.31,27740,43544,69312,66053,63298,20.05,50741,17339,31102,28619,34347,51570,26874,195016,145741,128301,110822,165.00,129586,242793,154188,135499,117299,23.30,149040,73225,63230,58621,51746,6.75,68426,38956,49271,71405,70159, , ,18020,23289,22704,19920,452.92,15038,21945,44666,40589,34345,5550,41860,56084,122951,112642,97753,35300,95889,42817,74324,61336,50762,11040,59423,87592,95829,106728,94232,2280,108987,139543,92352,96758,92703,0.7000,168758,21114,26134,24329,22683,22740,25946,85625,121653,106516,91618, , ,45905,63334,61638,63218,4.49,47182,164437,107458,97276,87399,7.48,116364,188902,133118,127272,107403,4.44,102885,74335,120583,99481,82796,110.20,59030,89674,101173,117801,98109,9990,87961,45111,62515,63381,51880,21.06,49565,71866,88025,88707,85174,9.33,74178,28435,60430,58049,61710,7950,66362,75466,109058,105338,88521,47500,88416,66085,67641,65887,60865,323600,62571,23918,32379,32776,28278,361.85,21449,93369,122183,116074,106327,3.21,108709,56955,83142,117274,99481,10700,113046,74941,80165,102750,98797,2.58,95909,65739,83986,79890,74364,186.96,63661,18198,43358,41247,35939,21.64,31892,76715,99959,108487,91821,19.05,72053,81365,91978,117036,103237,460200,74705,76770,89921,85980,89865,5430,102167,69140,88794,90013,100036,24.55,80976
