,AAL,AAPL,AMC,AMD,AMZN,APHA,BA,BABA,BB,CCL,CLF,CLNE,CLOV,COIN,CRSR,DIS,FB,GE,GM,GME,INTC,JPM,MNMD,MRNA,MSFT,MU,MVIS,NFLX,NIO,NOK,NVDA,PFE,PLTR,PYPL,QQQ,RIDE,RKT,SDC,SLV,SNDL,SOFI,SPCE,SPY,TLRY,TSLA,UWMC,VIAC,VIX,WISH,WKHS
2022-04-05,0.012034962683261482,0.021448339812916318,0.04559444996397473,0.027721759102470673,0.027393151396870295,,0.025461357668092183,0.060931382315445384,0.07288630315495576,0.021224328461696952,0.001085210102628023,0.033332093404602525,0.0430692524689813,0.050647450440175636,0.0433876650789798,0.016587862651669665,0.024623469210104096,0.015842366069671387,0.022940367041897943,0.06889148064537565,0.028057067021665508,0.011672386301483822,0.05356880027690142,0.043067868640398715,0.015474676484619697,0.030285984080907154,0.08004122964335018,0.03931646016628697,0.07435403603112847,0.014813573060822335,0.038460235563046764,0.009061892834644944,0.054254098625869315,0.03957866120590293,0.02140570191368212,0.1281445653963565,0.05081703930873534,0.044370646930352066,0.003780293827217862,0.022810314817169903,0.05687161695466322,0.073411413528641,0.010965035120838025,0.02650414197504269,0.05172511459392584,0.03844524332007765,,,0.08424797484882211,0.10241109438841087
2022-04-06,0.013482604675300656,0.024475011159353802,0.04539959763342461,0.030757125502271672,0.03375111718441078,,0.023410349369513667,0.06412028357110755,0.03635353507721317,0.04412636412398707,0.027330562423514573,0.050298133184742605,0.04452798581339127,0.053820664262616724,0.04418215615713003,0.019324806068084534,0.03898969470719244,0.01008093718703352,0.028243182204285334,0.07409296629256525,0.023383927014973205,0.012284795312781885,0.05027020740718163,0.019070702637140103,0.02735259767129623,0.02948637807619562,0.08284479263181374,0.045213910343799305,0.07822824926589741,0.014026097989743278,0.04616503924730018,0.022129051996255894,0.0668367023758421,0.048540974137005796,0.024565390377769704,0.13009380565464757,0.06517314320872282,0.057157395303091,0.010858522072168267,0.010413499098393808,0.059576117850766656,0.07450956877598469,0.011554019646199844,0.04411088020146707,0.05815802176272076,0.03943081339838386,,,0.09101505284679587,0.12627191306769964
2022-04-07,0.0022942801474629187,0.011838502390405176,0.031665687423020554,0.018592783565516906,0.01358350595736618,,0.020279347133597744,0.01418978495702806,0.018235976426693893,0.044411936593519795,0.029514147489301527,0.024511504215301454,0.011898785610753174,0.037400689550284236,0.011166250941920005,0.009626040876621632,0.018635229599784982,0.010097241793332924,0.014028564931333103,0.060137750344560245,0.011122513739877427,0.008108301694384056,0.0221335625565575,0.047730159439438063,0.021462221872341824,0.01771231122182008,0.012937326635695079,0.00768036079174804,0.014062452879897427,0.013103096618042102,0.02753080781417668,0.01916958705956309,0.0268538515409318,0.025879153130453816,0.01405233367958373,0.03718577908953288,0.030190467889219665,0.03211872650938395,0.011407725456356368,0.02794644502293266,0.016791266838197733,0.03753929779154505,0.009533429941567187,0.06961299737214481,0.03216489283418729,0.01413743082436873,,,0.01831194292670974,0.0415538042370909
2022-04-08,0.0023811168591525546,0.010336855188590224,0.02330995619287139,0.01644273948447718,0.01313414052528831,,0.008800000802394101,0.013706787680705932,0.016721579553434195,0.028344383521301926,0.02713736402019727,0.024083395955482565,0.003506759178373291,0.02720630918725346,0.00521843097108228,0.011760052026085535,0.020021063361317076,0.004123282280030032,0.031430086109828184,0.03217609743797859,0.007073724693207371,0.016375133586950117,0.020293803816747544,0.038902425241012756,0.02142737761445807,0.004389995944821959,0.010204692769108337,0.008067905989944817,0.021732849267736873,0.013151353321995737,0.026168699675431013,0.022335221713479802,0.030301317340605444,0.024448305028208692,0.012299267513492314,0.031844968388127136,0.033599582183252964,0.033946247342184696,0.0022460719942257634,0.0275018833154968,0.021532680832011354,0.019433487663861403,0.007519994287702798,0.07026260146802338,0.02767918349305278,0.014835849521843318,,,0.01695902047238457,0.0394624755775332
2022-04-11,0.026555453119252306,0.01366002274273994,0.05111471294360609,0.018860376125593895,0.00879200082079076,,0.007666236968549946,0.012286399740320008,0.013149344398440151,0.01636302855095178,0.015021277190843616,0.019123234798213595,0.010315134106547127,0.02050170896547179,0.016799952660569207,0.004641183405707073,0.014001208485440278,0.004068483395691953,0.02368391419659992,0.024042617823178916,0.006346259590779328,0.012511970438203648,0.02508488865620127,0.016775055840962488,0.022866640097363923,0.0070894941714138345,0.020981643489519617,0.0029369094541706014,0.025752846680347483,0.011262555467003362,0.023549523076939805,0.033421692071183916,0.004932281810679072,0.011274921547267017,0.013159615900401964,0.03129540049275194,0.01879258029663644,0.03153174780576531,0.0051657266614634455,0.04172544362271532,0.0278048109145269,0.01844025455092918,0.011233654964003307,0.05653134470525939,0.030381859642647894,0.016135425411329438,,,0.02780589242709002,0.028858467373896583
2022-04-12,0.02262311820463062,0.01873557998601727,0.05712171072164069,0.006612226023390205,0.0110463104908254,,0.011506218384305994,0.006577628779436342,0.006981083844379693,0.016258452734231706,0.016036895712752016,0.0187861092277062,0.010873494742459041,0.009120321022367789,0.015712565287313112,0.005806904729714998,0.012020524086405224,0.0024318598050171517,0.016608741370027,0.015392353802871898,0.005248888191926958,0.015243053270389937,0.028016590588785053,0.009151301500509254,0.01540594277842139,0.00826560973222524,0.022744678409691858,0.00548013324293137,0.0027497438078555674,0.004117327187786907,0.01747023281790166,0.01156828157226913,0.006377731649586409,0.0018031660640701185,0.009716600811999519,0.027310942588938517,0.02296674298242357,0.032400291195662574,0.005122752900280944,0.028360934557414917,0.006859626545758214,0.023911757957136726,0.008043274653980425,0.008663998250261092,0.030544346827735686,0.03583866524684938,,,0.02229600390174826,0.029157313486806422
2022-04-13,0.052442203529788074,0.022902911274979783,0.06868019013665183,0.03372867052235797,0.026889668504300617,,0.020213091860155345,0.012278301548871745,0.017251122937487488,0.02918985408721164,0.025069512222000972,0.0074806999593294045,0.02457757868095166,0.04025292386704838,0.01301214672595524,0.010397753365958698,0.015188510009238758,0.00455702097154947,0.01624410842401551,0.027526778274672568,0.010347438096874127,0.014838213229740322,0.027235255288303808,0.03920044727584622,0.02958223068487159,0.004099785120307169,0.026081667161979634,0.02097314584228029,0.03635614452859616,0.01834377789811638,0.04257421963834063,0.011365908152443958,0.026619709047502035,0.008729611392363432,0.0220417606943501,0.005444752806168571,0.023154518065586743,0.007446307977740125,0.0013162304265597446,0.01974983789425891,0.025237653796604868,0.015845898073295398,0.014282092497957881,0.026741487301723873,0.04330498984736889,0.045023724059986614,,,0.023250547029970915,0.027586891505503933
2022-04-14,0.05795752737560275,0.025472162530858055,0.06808744008837785,0.03858734533169672,0.02827735688524716,,0.021862147148392155,0.02418441494843177,0.024013668751072127,0.030989171603357794,0.038674657793235735,0.023898954854830776,0.0234969223481366,0.04207020106102777,0.019704561881728477,0.01297296337769948,0.013200345018794487,0.003764150472234743,0.005865660915982064,0.028096961048831914,0.020176974364423714,0.012793750334949784,0.041785377357444434,0.046041023155660415,0.02379888359231467,0.01964893675461851,0.03166500183967416,0.022841846857184222,0.04474298618272321,0.021702311269407394,0.03837191577115333,0.008837428747291586,0.03726087011015543,0.007886946806702983,0.02166427515910027,0.02843402551351749,0.01824500154397739,0.05199212757891051,0.010152522590450986,0.07692411088085388,0.03313416643987235,0.02415142664242767,0.012095153100864169,0.04653378895322457,0.03683679441706799,0.043258574998584286,,,0.03102301016999515,0.04268041906262254
2022-04-18,0.06888938943284775,0.023381398104440516,0.05339852886205843,0.03937666943515063,0.02816856781393223,,0.026561216494070942,0.025259464381393766,0.0278889431418779,0.04081634054757624,0.038299963073127954,0.023427883908286026,0.046940395314018675,0.04089382819580684,0.022491708420314265,0.01704930448749572,0.014884743110780347,0.006555191155444007,0.0073571854577158015,0.051405958138655325,0.026261589747501063,0.025432342625890447,0.05588503698391187,0.0657721832025534,0.023666288199783427,0.02422544422582178,0.030524626423886453,0.02269173343285931,0.046891413037230274,0.020266359161248793,0.0412710298116859,0.013969263877146958,0.03819630174821036,0.006332559116824058,0.021629069876553813,0.02763106580076442,0.01493268048347594,0.044171659750988995,0.008994183170703706,0.07702032908409479,0.0317539998709872,0.04114142207835868,0.011964215650763669,0.0496525367785821,0.038001629991230884,0.024280323244997907,,,0.03952940246276231,0.0434091665554799
2022-04-19,0.04117499737281672,0.022379065396750657,0.05624417775573508,0.041268332484506585,0.029793012284773206,,0.024671035946096497,0.020288985968774393,0.02739877067254061,0.03636373606726522,0.029455231605608357,0.021488186939645947,0.05277711698653415,0.04573818545126105,0.021935954663792584,0.028919248814653572,0.026715553838827632,0.011054602227252084,0.01912206824103291,0.06992734637331992,0.03074079321444478,0.016719945134447942,0.028311747236828146,0.027197484208269167,0.022481677238420282,0.028812442768122472,0.051631591491597725,0.03001993358071473,0.039580197118151014,0.02315503651844215,0.03730897911728335,0.01688877951052375,0.05369114933347837,0.030843122148412516,0.022616726810420134,0.0389957142498056,0.014419577906353669,0.0682033633976557,0.01818707672386482,0.07515910432459075,0.04345065318826749,0.06270353604038054,0.014321178758522377,0.04122863516444079,0.03367994407675366,0.017677106516374913,,,0.0856807961066349,0.04116426344316928
2022-04-20,0.04234116640145598,0.008828145456621765,0.07208510848446872,0.03151846453785765,0.030504447659135375,,0.026777872260480375,0.019346766680125648,0.030457014544925273,0.03872916063448853,0.024731913244734047,0.011402053633992265,0.053463477481963444,0.03694468380880009,0.010588109596255054,0.04425890991452143,0.05643376209348473,0.012522128546919573,0.022130769075823904,0.07216247176895156,0.012371044282349506,0.009370069271141623,0.02984719206643198,0.028833827930579172,0.008077770378372817,0.007873165192853523,0.04634264914713589,0.21018562759214166,0.06154003429054358,0.014264161200671588,0.0313786878977198,0.011929799548742952,0.04550035625243104,0.057855441454887906,0.018555013872919152,0.025462310083076322,0.013569507937175469,0.046219120611973565,0.018970866219417834,0.04677006416390679,0.050813341136428394,0.0824699333058342,0.009432980826337856,0.04511911217302508,0.04117526517290097,0.019223002537349147,,,0.0995046290942416,0.039148951759284296
2022-04-21,0.03194758291397391,0.010025182263632483,0.07186697480570287,0.040797689386995586,0.03874053411085441,,0.02743150455705061,0.01652333991724587,0.0337638436548287,0.03251420729015448,0.02990409469646839,0.03797020361154657,0.047220905924709136,0.055075761142410154,0.027663825012064942,0.04446729095180718,0.058694495842574676,0.011081755297421485,0.031064839143114253,0.06712404187976594,0.020283887645007322,0.014332240337973494,0.028373769581530494,0.013059578598935159,0.018427670443828623,0.027413631806905953,0.05751081581867299,0.20452578134515473,0.06394149386048294,0.019563095733323897,0.040315346455127736,0.012486441706532264,0.05095562869787336,0.0602852323245588,0.023288457727718086,0.027800518582942194,0.00560946372311876,0.07168569151152804,0.014929939620343013,0.04875053955800966,0.05544145532542629,0.08304842417657471,0.015567237651681987,0.043900257497544094,0.045001991699698395,0.019986425785636693,,,0.09645069010244187,0.03880328461388058
2022-04-22,0.024192637729582377,0.014498095794002835,0.027943462658564153,0.012696942566882068,0.006185003211328013,,0.005337946415294184,0.027165900373636215,0.012084051947887454,0.01470281797942049,0.005415658808004774,0.029451358104703982,0.029036243019171865,0.019846919467323646,0.051779443689852364,0.0174433550019737,0.029200243895247766,0.016729538286760666,0.008340050710381785,0.014611339543019134,0.012255540680921842,0.01635732489386775,0.04629617318958936,0.010245589906343338,0.014901387100467477,0.019501697508243494,0.040996663056627816,0.18934774807967147,0.044759689563219164,0.025694793286203974,0.01605187700660221,0.0057499388284457074,0.013999016564616456,0.02347599671233355,0.005803376279268602,0.04354006435919981,0.03564234161717705,0.029090005358819282,0.013149861779511123,0.04438824282978105,0.01525770769051933,0.042226952029014206,0.013358097061582131,0.03611824924531165,0.04103443513787127,0.0029954495582868806,,,0.027776295709383565,0.031387562992413964
2022-04-25,0.025672501586335342,0.01758961968967939,0.029508813961672212,0.03722018621538724,0.02579669641335661,,0.008473425972441863,0.022598383085461006,0.021171533920890703,0.01921411554153267,0.01025345443090741,0.03798011667650851,0.05173685560439326,0.048883434351951485,0.05756914412443942,0.0230985557309467,0.03864781404645678,0.020508396917188483,0.012945913440216415,0.01710407090609798,0.016383919375387704,0.014731027142450505,0.04626390403642935,0.060699296597986355,0.026766005661075818,0.021612918969842663,0.07109551553589125,0.011503522231638435,0.03462169762970937,0.01942731710016373,0.04082226087094785,0.01963337262663234,0.026454203042724417,0.04063929922874883,0.021128060025888018,0.04678368258006573,0.07295828673794258,0.04704537616083563,0.00026565957989425903,0.03642760817474771,0.039288543076469076,0.04687556899709555,0.0167887803066468,0.022198712915335907,0.02180711601584159,0.03272537003211422,,,0.05168488784802501,0.021483078651853067
2022-04-26,0.031781035944410466,0.023189133944626135,0.05666286265770299,0.04498766263653125,0.029386123489082285,,0.02257506793198935,0.01368468795305073,0.03379307967919179,0.03761393053046762,0.012054371032433238,0.02389259094466773,0.05956185861025484,0.0459342272181139,0.0582580114620699,0.026535388843641695,0.025072885415253376,0.05720475068238075,0.022110976674374783,0.02417599473171034,0.022614561839335676,0.0166542038670755,0.05094632063660529,0.058612955251940484,0.032544948111615034,0.026930415869350344,0.06484808215418085,0.021675662067975963,0.03449805784765526,0.021648179854719646,0.03888269003477914,0.01858220825652226,0.04722081228934542,0.03631032903843555,0.02650938917992723,0.05801278133087652,0.08068378154129192,0.03648752353548029,0.0075337377203411925,0.04700837723238996,0.03532060850194456,0.05407318479881353,0.019643242342743065,0.028932407469209193,0.06727871724958126,0.04752645679757392,,,0.05388222032253658,0.053969954887995795
2022-04-27,0.03665159658380692,0.023434623021029326,0.06394038418620804,0.04558468405679059,0.029225684804569406,,0.03526875835631827,0.038795602117755526,0.033628417578187575,0.04148800281174735,0.043475836804380275,0.023153864614627446,0.058368285405291154,0.04489315863521496,0.02013934619964911,0.024729873376438644,0.027931240550510692,0.0571378931612207,0.03150869952606837,0.039615138033463324,0.022081290995436136,0.014675751166639125,0.0423819971089633,0.05707639179670227,0.04414989683492665,0.027136474667372984,0.06974889802378544,0.015363036432441232,0.04178975437471963,0.018562197967507413,0.037916564465286004,0.008254509122336823,0.04801568202313526,0.03341081024093719,0.026116103871065333,0.05390695913683863,0.0710695621927494,0.03010141843983777,0.007919563619319775,0.05644902083207252,0.03349503990006096,0.05369190136075501,0.019263784816491412,0.02752724357573011,0.07029452947042676,0.04700812578341065,,,0.04832159327917743,0.05328517686518236
2022-04-28,0.04555052519285153,0.04135861283427953,0.0553729897564928,0.05834172157171229,0.04644539995400885,,0.037522879259150224,0.037476621914975417,0.05662669684615248,0.04987483073963015,0.03793250934600672,0.023372179590122593,0.055729076767145634,0.030417472127519028,0.029456546339945263,0.019124557838196585,0.12047399622152118,0.05074469849087338,0.0319580005902898,0.04080998331058383,0.034595279593837625,0.02297055063084201,0.052110762271637294,0.01634118756521303,0.04390491392045376,0.050367556887408904,0.055380520605396936,0.06385022290459079,0.04228151260779508,0.009303847918846747,0.06721965179699295,0.0077217517898144315,0.061496187684869835,0.08509189995067988,0.03663041787169775,0.04768799101953064,0.04258880708745243,0.029193251862498912,0.0026675656262385235,0.059912838123540375,0.046865581983603063,0.045092597318645206,0.027243451832813917,0.031678215241037706,0.0709006810532822,0.06412590264690524,,,0.048754942993142626,0.05268357306801364
2022-04-29,0.030455543419825194,0.04101432897109666,0.023523409943632383,0.051033304218935295,0.09607974518640029,,0.03693551815818932,0.01939947069149981,0.04206574956692707,0.026958585675928317,0.053236646337171636,0.03413045313809638,0.03314321361100955,0.041304953247515194,0.01813260150427156,0.017354495354079628,0.1185901127230614,0.01772943641272155,0.019207709648035858,0.025254742649303608,0.0529329226986279,0.024198442584854606,0.03946611909305346,0.028917800922961947,0.046346401903132835,0.04409977538711086,0.020228559761277826,0.06125204112810381,0.019211099147241596,0.02878581555085626,0.06993088497139503,0.025113871907328927,0.05035985633371891,0.08459550142570826,0.04030919278935695,0.03663176285752011,0.030128282738808486,0.03842459870071284,0.007460624328022613,0.06614845974884921,0.05143046148422335,0.038320130831448265,0.03150678464750599,0.02329950511796059,0.007061963764087772,0.04035141607080296,,,0.0465806537332383,0.03218275300700151
2022-05-02,0.02933689337893369,0.0409018505410977,0.00958240722505887,0.05725805560125928,0.09765620344561235,,0.019246384468517872,0.019657524575527264,0.03933727983984583,0.027124374449379405,0.04666725968530581,0.03497867515804545,0.029697120110536462,0.07898200243865033,0.021822442193454233,0.024705821689522435,0.10154987777405976,0.027515497796507027,0.018296754279071056,0.02057802558820449,0.05951469228210702,0.026046280083072793,0.05145199704975118,0.05698513529527807,0.03792218341008048,0.04389605457401404,0.06127645392357034,0.05735544118629353,0.03101044534926403,0.029923702951950612,0.07357829504764955,0.022518457715282752,0.049143816650238994,0.08004339273253387,0.04211689985549267,0.04224054060653751,0.023340951275710915,0.023192422145021492,0.007374984139751355,0.05159566665746931,0.054012602360173315,0.054428381849768406,0.0318531918312507,0.03807291277760585,0.02491711593654813,0.03797922516082677,,,0.05150366084112349,0.04144488136459534
2022-05-03,0.03280723329920475,0.02477676745058884,0.019060955308524037,0.04873985941427017,0.08107203356941095,,0.034167568680622,0.038772588381866285,0.025990236279253575,0.02048984318531577,0.048816796030017866,0.04873362649366217,0.03429594367873434,0.07985362999507102,0.030072463843232485,0.024678185781447932,0.03975474879942118,0.0362875231409565,0.030393637702030657,0.02690049521815174,0.05187222416046239,0.02812889875192608,0.05066638205170249,0.05978287314404515,0.033433380407873754,0.03202789492398573,0.04913200084221824,0.046861567527111084,0.03201180325691796,0.005771851281676511,0.05798838572101222,0.024824899237356136,0.041779153118846335,0.04323827909684895,0.03207431374414784,0.014709330638145085,0.022396456553201095,0.022931859613392294,0.007976015267714232,0.05311433238957149,0.04419375175468911,0.05271061912300309,0.024407872821385894,0.039885552278957855,0.02275623247983274,0.016349498161002857,,,0.04311496548240871,0.03946187601287817
2022-05-04,0.022861718225983763,0.02068794819188839,0.010246336888418903,0.03832514012431901,0.008066498776719302,,0.017847989493509638,0.02562539711847469,0.018751270499067073,0.005417666100260689,0.011461698613403478,0.027824621541667222,0.0378210903533018,0.02933483627132072,0.009228505296461567,0.011751129272340947,0.028383981955560193,0.011297789069967245,0.012502401966938196,0.04960538291159943,0.01728472071659747,0.011976040210193621,0.022947926710063453,0.015122211558265755,0.021186927323875556,0.014408480026146671,0.04275967908623092,0.023003518411037285,0.02372634194691499,0.0008574390252051827,0.02535255767892524,0.017515696259907197,0.03167495136835731,0.025203006691817038,0.01637794164919968,0.03405560883388064,0.010910835508318176,0.05701854069290787,0.01566463020975506,0.011646094220963113,0.054903661709131815,0.025201749725729337,0.014538771909863041,0.02992567314131456,0.021098226340119212,0.01941331126925208,,,0.039965637607418635,0.017528096444698365
2022-05-05,0.04810806316646556,0.0493454690742481,0.04648853260439156,0.07341979471149455,0.047605454871169524,,0.04033645277877438,0.040211785157605935,0.045126965577401,0.04512967119888101,0.05552031835960049,0.054156188145738964,0.046188560237929145,0.09287807493127094,0.0617698805204805,0.027140301359521828,0.061046256404454255,0.03180322450997586,0.037397563615259456,0.059221939683176766,0.037461763038756986,0.030736349314471636,0.07335405576628314,0.07553248774420598,0.036350543142206454,0.032763252996127284,0.06529671290901129,0.051822259080347044,0.0992889808916164,0.03497785266826596,0.05668535962552058,0.022733821611534945,0.05954455347345463,0.05160521784553066,0.04243243665953209,0.019877074757201088,0.07357495247244965,0.06753980466513379,0.022556823957595465,0.04703307339079014,0.0808251474316329,0.06905945961258099,0.03325357876500211,0.05127186628499883,0.06703703444206509,0.034126996334740436,,,0.08730910527612067,0.06286703164998314
2022-05-06,0.04246728361875866,0.04874844515886132,0.04502074481151613,0.07340465278625306,0.045616898195304574,,0.03174426521397718,0.04024562031673769,0.0485648503297377,0.040896945679138354,0.05348094052139846,0.08811360612565504,0.05581468219047099,0.09383560752342059,0.05149760848470766,0.028722325228962262,0.061282082991784004,0.029950765585807386,0.030744460682802684,0.061986695881679155,0.037288643471399874,0.029232748931719232,0.07253190773165281,0.07483480973797046,0.03635034609589398,0.033365970445517534,0.05579809443795029,0.04921708220584564,0.09443196658434737,0.031988584077407636,0.05555311905171437,0.019887436852314234,0.0648382515583786,0.05119616890489318,0.042142455977468,0.05385078295867657,0.06612925182914643,0.06753980466513379,0.022721527070243577,0.044574887699203085,0.0960173271133875,0.07753270040702746,0.03305703547002045,0.0503047695754562,0.06570075034098397,0.03428199007118569,,,0.09014514686161214,0.06550584026061226
2022-05-09,0.024011786439573097,0.029757042878848304,0.01487984010765326,0.055750383720596174,0.031072377648749955,,0.04804792027605109,0.009130547803223473,0.024666261067244843,0.037415423451378396,0.0232177397947744,0.06191509125768641,0.036771625091773494,0.052959743587397586,0.04215549629060152,0.005677686764664838,0.023447622903556373,0.032219354941838724,0.012968459848506133,0.052835731048198595,0.01759950164271437,0.011744794011403168,0.03126100039702429,0.048217953065053124,0.01808887159691711,0.011536083493412763,0.048249462933924014,0.02070252940121084,0.06088952652783102,0.005987303743516024,0.04369552969616298,0.018310350488836905,0.08250088939819342,0.026615555488448527,0.019733473679133588,0.04054955653798391,0.04126055444697566,0.0668750926731936,0.012741231049674673,0.038773177646975576,0.014795619993724824,0.008502124698907234,0.016153227256662555,0.025996624727328593,0.04534256667987706,0.003452176918264245,,,0.02904628335187636,0.016872855754545682
